title,error,authors,volume,released,publisher,label,serialization,length,link,iskindle,ranking,rating,reviews,description
クズ浪人生、人生が辛いので夜のお姉さんを呼んでみた ,,['こすずめ'],第 5 巻 (全 5 巻) ,2023-10-01,GANMA! ,,,,http://yurinavi.com/2023/11/14/kuzurouninsei-5/,Kindle版,,"['4.9', '56']",,大学受験で大失敗した真希乃。唯一の癒しは二次元の推しだけ.....だったはずが、ふと広告に見つけてしまった──推しにそっくりな夜のお姉さんを！　アホの子×大人な夜のお姉さんの百合ラブコメが今始まる！（著者名：こすずめ/初出：GANMA!46～56話掲載分）  
ペンションライフ・ヴァンパイア ,,['田口囁一'],第 2 巻 (全 2 巻) ,2023-10-04,集英社 ,,,,http://yurinavi.com/2023/08/29/pension-life-2/,Kindle版,,"['4.9', '78']",,イリエルのクチコミでカタラレのお客が増え、ペンションは大盛況!!　住み込みで働く決心をしたエリを訪ねてきたのは彼女の大ファンの元改訂官（リライター）候補生・凛美だった。彼女はエリとニカの関係を誤解してしまい…!?　人と吸血鬼（ヴァンパイア）の異文化コメディ第2巻！  
あめとむち ,,['あいそえる'],第 1 巻 (全 1 巻) ,2023-10-05,少年画報社 ,,,,http://yurinavi.com/2023/09/14/ameto-muchi-1/,Kindle版,,"['4.7', '117']",,パパ活をしていためありはいつも通りパパと会うつもりが、やって来たのは人妻だった!?下心ある男とは違い、友達のようなデートで高額なお金やコスメをくれる人妻エスにどんどん甘えていくが…!?女同士の背徳エロス！  
私のアリカ ,,"['藤沢もやし', '隈屑。']",第 3 巻 (全 3 巻) ,2023-10-05,講談社 ,,,,http://yurinavi.com/2023/10/04/watashino-arika-3/,Kindle版,,"['4.9', '79']",,ついに迎えた3期生オーディション最終ライブ。鬼気迫るパフォーマンスを見せるナナだが、他候補生も負けじと練習の成果を発揮する。そんな中、一人ついていけずに焦るまゆは、ルリからの圧力もあって徐々に追い詰められ‥‥。”りりトリ”内部の異様な実態も明らかになっていく中、果たしてナナは正式メンバーになり、アリカに近づけるのかーー!?  
残蝕街区 ,,['慎 結'],第 2 巻 (全 2 巻) ,2023-10-06,KADOKAWA ,,,,http://yurinavi.com/2023/08/25/zansyokugaiku-2/,Kindle版,,,,極限下を生きる少女たちの友情を描いたシスターフッド×パニックホラー。体から目のような湿疹が飛び出し、「何か」に蝕まれていく――。その恐怖がついに優七と愛莉が通う学校を襲った。生徒たちが次々と飲み込まれていく中、　秘密を暴露された愛莉はひとり優七のもとを離れようとするが…？生き残りをかけて学校からの脱出を試みるも、その先にはさらなる絶望が広がっていた――！極限下を生きる少女たちのシスターフッド×パニックホラー。完結巻！  
球詠 ,,['マウンテンプクイチ'],第 14 巻 (全 14 巻) ,2023-10-12,芳文社 ,,,,http://yurinavi.com/2023/08/03/tamayomi-14/,Kindle版,,"['4.8', '274']",,地獄の冬合宿、開幕！朝5時に起きて練習漬けの超ハードスケジュール。息も出来ないほど苦しいけれど、全てはその先にある夏の栄冠のために。そして、冬が明けると新越谷にも新入生が…!?TVアニメ化もされた本格美少女野球物語、第14巻!!!  
ほうかご再テンセイ！ ,,['そめちめ'],第 3 巻 (全 3 巻) ,2023-10-12,芳文社 ,,,,http://yurinavi.com/2023/08/04/houkago-saitensei-3/,Kindle版,,"['4.9', '29']",,異世界転生が当たり前になった世界。 とある過去を抱えた二人の少女、詩星とメルアは世界の「真実」に少しずつ近づいてきており...。「日常」と「非日常」の狭間で奮闘する異世界スト―リー、堂々の完結!  
薪窯のパンドラ ,,"['くずもちまつり', '誰がし']",第 1 巻 (全 1 巻) ,2023-10-12,芳文社 ,,,,http://yurinavi.com/2023/10/11/makigama-1/,Kindle版,,"['4.6', '28']",,祖父のお店を引き継ぎ、黙々とパン職人をしている高校生・蓬莱絵里（ほうらいえり）。ある日、突然お店にやってきたはらぺこ少女・野々宮麦（ののみやむぎ）から「メロンパン20個ください！」と無茶振りをされる。麦との出会いによって、恵理は少しずつ心が開かれていって…？〝ふっくらもちもち〟な本格パン漫画、開幕です！  
マギアレコード　魔法少女まどか☆マギカ外伝 ,,"['Magica Quartet', '富士フジノ']",第 8 巻 (全 8 巻) ,2023-10-12,芳文社 ,,,,http://yurinavi.com/2023/08/04/magireko-8/,Kindle版,,"['4.7', '12']",,大人気スマートフォン向けゲーム「マギアレコード 魔法少女まどか☆マギカ外伝」のコミカライズ第8巻！「マギウスの翼」に鶴乃・フェリシア・さなが囚われてしまったいろは。今まで集めたうわさの情報を元に、敵の本拠地を割り出そうと、神浜市の東をまとめるボスに協力を仰ぐが…？  
小林さんちのメイドラゴン　カンナの日常 ,,"['木村光博', 'クール教信者']",第 12 巻 (全 12 巻) ,2023-10-12,双葉社 ,,,,http://yurinavi.com/2023/09/14/kanna-12/,Kindle版,,"['4.9', '86']",,人外系コメディ『小林さんちのメイドラゴン』の大好評スピンオフ！　カンナの可愛さノンストップな第12巻！！　才川と鯉のぼりを作ったり、みんなで一緒にキャンプに行ったり、巫女さんのアルバイト体験で年越ししたり！？　煩悩まみれなドラゴンたちだけど…この賑やかな日常だからハッピーなんです！  
小林さんちのメイドラゴン　エルマのＯＬ日記 ,,"['カザマアヤミ', 'クール教信者']",第 8 巻 (全 8 巻) ,2023-10-12,双葉社 ,,,,http://yurinavi.com/2023/09/14/eruma-8/,Kindle版,,"['4.8', '133']",,『小林さんちのメイドラゴン』大人気スピンオフ第8巻！！いつの間にやら人間さんの社会に溶け込み、同僚とOL生活を満喫するエルマ。雪国や川越など観光地を堪能したり、会社でお菓子泥棒と疑われたり、ファフニールさんになぜかぬいぐるみにされたり…。一方、勉強会の講師に抜擢されたりとOLとしても日々頑張るエルマが可愛い第8弾！  
ひきこまり吸血姫の悶々 ,,"['小林 湖底', 'りいちゅ']",12 (全 13 冊) 番目の本 ,2023-10-12,SBクリエイティブ ,,,337ページ ,http://yurinavi.com/2023/08/25/hikikomori-kyuketsuki-12/,Kindle版,,"['4.8', '57']",,「たとえ世界がひっくり返っても私は引きこもる！！！」第１１回ＧＡ文庫大賞《優秀賞》自己評価↓最低　他者評価↑最高　ダメダメ美少女が大勝利！「七紅天会議を招集する！」ムルナイト帝都に現れた新たな脅威「愚者」。その愚者たちに対抗すべく、七紅天大将軍が一堂に会する……はずだったが、その場に七紅天大将軍であるはずのミリセント・ブルーナイトの姿は無かった。こうした動きに呼応するかのように「愚者」たちも集結。七紅天と帝都来訪中のズタズタスキーがこれを迎え撃ち、帝国ｖｓ．愚者の戦いが幕を開けた。そんな中、コマリはある人物から呼び出しを受ける。――ミリセント・ブルーナイト突如として姿を消した彼女は何を思い、何を語るのか。争乱の帝都を舞台に、二人の吸血鬼の邂逅が、世界を変える――！！※電子版は紙書籍版と一部異なる場合がありますので、あらかじめご了承ください  
魔女の旅々 ,,"['白石 定規', 'あずーる']",21 (全 22 冊) 番目の本 ,2023-10-12,SBクリエイティブ ,,,300ページ ,http://yurinavi.com/2023/10/11/majyono-tabitabi-21/,Kindle版,,"['4.7', '24']",,「魔女旅」シリーズ第２１弾が登場！　灰の魔女イレイナを待ち受ける新たな出会いと別れにご期待ください。あるところに一人の魔女がいました。名前はイレイナ。自由で気ままな、一人の旅を満喫しています。今回、彼女が邂逅する人々は――。不自然なほど本人そっくり？　善行を続けるイレイヌさん、故郷を守るため、魔物のヌシを討伐する二人の姉弟、砂漠で遺跡の発掘を続ける青年と幼馴染の女性、自分たちの大義に陶酔している「解放連合」、完璧な“森の小道”を追い求める男性と魔女たち、そして、イレイナと結ばれる運命の人も……。「ちょっとデートにでも行ってみませんか」変わった風習や難事件に振り回されつつも、出会いと別れを重ねます。※電子版は紙書籍版と一部異なる場合がありますので、あらかじめご了承ください  
三角形の壊し方 ,,['カボちゃ'],第 1 巻 (全 1 巻) ,2023-10-14,U-NEXT ,,,,http://yurinavi.com/2023/09/14/sankkakeino-kowashikata-1/,Kindle版,,"['5.0', '107']",,【特別描き下ろしのおまけ付き！】密かに思いを寄せ合っていた琴、あや、永理香の3人。琴の思いがあやに通じたのも束の間、あやは神隠しにあったかのように失踪してしまう。だが7年後、琴と永理香の前に、あやが当時の姿のままで現れて──。※本作品は「三角形の壊し方 【分冊版】1～4」と同内容を収録しています。重複購入にご注意ください。  
散り損ないのヒラエス ,,['にたもと'],第 1 巻 (全 1 巻) ,2023-10-14,ヒーローズ ,,,,http://yurinavi.com/2023/10/13/chirizokonaino-1/,Kindle版,,"['4.8', '18']",,「一緒に死なない？」“好きになってほしい”それだけのために大切な友達・乙芽に貢ぎ続けた真山かずら。しかし、乙芽から秘密を打ち明けられたことで、かずらは裏切られていた現実を知る。その絶望からもう人生を終わらせようと思ったとき、謎の女・嘉部金香に声を掛けられ、一緒に高層マンションから飛び降りることにーー。だが、二人を待ち受けていたのは…！？  
双子姉妹ちゃんの百合生活【電子単行本】 ,,['LIN'],第 2 巻 (全 2 巻) ,2023-10-14,渋谷六花舎 ,,,,http://yurinavi.com/2023/10/15/futagoshimaichanno-2/,Kindle版,,"['3.8', '4']",,★1話まるごと立ち読み付き！ ★『相変わらず感じやすいよね…ここ…もうえっちな音してるよ…』ある日、モモが衣替えをしていると高校生の時の制服を発見！アオのお願いで着てみる事に…めちゃめちゃ可愛いモモが登場！心のおちん〇んに直撃っ!!今度はもちろんアオが制服を着てみることに！すると…美巨乳の持ち主のアオには胸元がきつくて大惨事…（笑）心のおちん○んに直撃する！美人双子姉妹のえちえちな日常をお届け！〈収録内容〉・双子姉妹ちゃんの百合生活〈6話～10話〉さらに【電子単行本版特典】として、・キャラクターの衣装デザイン画を初公開・各話の表紙案ラフ画・８話から１０話のネームを一挙公開を収録！ここでしか読むことのできない作品を、ぜひご覧あれ。【※本作品は、「双子姉妹ちゃんの百合生活」6話～10話の話売り作品の電子単行本版です。重複購入にご注意ください。】  
おしえごと　同人教師と天才ギャル ,,['とみさー'],第 1 巻 (全 1 巻) ,2023-10-16,秋田書店 ,,,,http://yurinavi.com/2023/08/25/oshiegoto-1/,Kindle版,,"['4.8', '93']",,隠れ同人女の黒川幸は美術教師として赴任した高校で、写実的な絵が天才的に上手いギャル・恋白と出会う。彼女はなんと幸の同人絵のファンだった。恋白に同人絵を褒められ嬉しい幸だったが、同人活動を隠れて行う彼女は、その絵は姉の「サチ」が描いたと嘘をつく。流れで、幸は「サチ」として恋白に絵を教えることになってしまい……!?  
陰キャギャルでもイキがりたい！ ,,['かしわぎ つきこ'],第 1 巻 (全 1 巻) ,2023-10-18,一迅社 ,,,,http://yurinavi.com/2023/08/24/inkyagyaru-1/,Kindle版,,"['4.9', '95']",,副次文化研究部に所属する市子と九蘭。かわいいが好きで、サブカルが好き、でも陰キャでコミュ症。そんな二人は今日も好きなものへの愛を語り、嫌いなものをdisり、バズった新作スイーツを食べにいく。令和を生きる”陰キャギャル”が贈る新時代青春モラトリアム。  
私の推しは悪役令嬢。 ,,"['青乃 下', 'いのり。', '花ヶ田']",第 7 巻 (全 7 巻) ,2023-10-18,一迅社 ,,,,http://yurinavi.com/2023/08/24/wataoshi-comic-7/,Kindle版,,"['4.8', '347']",,乙女ゲーム『Revolution』の世界に、ヒロインのレイ＝テイラーとして転生した社畜OL・大橋零。そんな彼女の推しは攻略対象の王子たち…ではなく、悪役令嬢・クレア＝フランソワだった！ユークレッドでの事件をうけて、王国の貧困問題を解決したいと考え始めたクレアは、助言を求めてレイとともに精霊教会を訪れた。しかし、そこで出会ったリリィというシスターが「恋をしてしまった」とレイに告白をしてきて…。推し一筋のラブコメ・ファンタジー、第7巻!!  
  私の推しは悪役令嬢。 メイドキッチン【イラスト特典付】 (百合姫コミックス) ,,"['tsuke', 'いのり。', '花ヶ田']",,2023-10-18,一迅社 ,,,,http://yurinavi.com/2023/08/24/wataoshi-comic-made/,Kindle版,,"['4.8', '35']",,乙女ゲーム『Revolution』の世界に、ヒロインのレイ＝テイラーとして転生した社畜OL・大橋零。そんな彼女の推しは攻略対象の王子たち…ではなく、悪役令嬢・クレア＝フランソワだった!前世の知識を活用し、クレアのメイドになることができたレイ。可愛いけどワガママな主人の無茶振りに応えるため、先輩メイドのレーネとともにお菓子作りに奔走中!『私の推しは悪役令嬢。』公式スピンオフ、悪役令嬢とメイドによるクッキング・コメディー!!  
今日はカノジョがいないから ,,['岩見 樹代子'],第 4 巻 (全 4 巻) ,2023-10-18,一迅社 ,,,,http://yurinavi.com/2023/08/24/kyouhakanojyoga-inaikara-4/,Kindle版,,"['4.9', '261']",,信じたくない場面を見てしまい、階段で足を滑らせた七瀬。そうとは知らず、心配したゆにが七瀬に会いに行くとついてきた風羽子から衝撃の発言が──「わたしたち浮気してるよ」  
  コミック百合姫 2023年12月号[雑誌] ,,"['めばち', '青乃 下', 'いのり。', '花ヶ田', '竹嶋 えく', 'かしわぎつきこ', 'コダマ ナオコ', '椋木 ななつ', '未幡', '金子 ある', 'ゆあま', '雨水 汐', 'はづき', 'こるせ', 'サブロウタ', 'なもり', 'シクシク', 'まにお', 'うたたね 游', '焼肉定食', '春花 あや', '日野 アラシ']",,2023-10-18,一迅社 ,,,,http://yurinavi.com/2023/10/14/yurihime-202312/,Kindle版,,"['4.8', '90']",,毎月発売！ 世界で唯一の百合専門誌12月号は、TVアニメ放送中の「わた推し」が巻頭カラー！ センターカラーはアニメ化企画進行中「ささ恋」とコミックス第1巻も発売「陰キャギャルでもイキがりたい！」です! お楽しみに!●表紙：めばち ●巻頭カラー：漫画：青乃下　原作：いのり。　キャラクターデザイン原案：花ヶ田［私の推しは悪役令嬢。］●センターカラー：竹嶋えく［ささやくように恋を唄う］／かしわぎつきこ［陰キャギャルでもイキがりたい！］●連載作品：コダマナオコ［嘘つき花嫁と同性結婚論］／椋木ななつ［私に天使が舞い降りた！］／未幡［私の百合はお仕事です！］／金子ある［平良深姉妹はどっちもヤんでる］／ゆあま［君と綴るうたかた］／雨水汐［女ともだちと結婚してみた。］／はづき［おそとごはんをご一緒に］／こるせ［伽藍の姫-がらんのひめ-］／サブロウタ［citrus+］／なもり［大室家］／なもり［ゆるゆり］／シクシク［この世で一番素敵な終わり方］／まにお［愛したぶんだけ愛してほしいっ！］／うたたね游［踊り場にスカートが鳴る］／焼肉定食［アンドロイドは経験人数に入りますか？？］●読切：春花あや［今宵、悪役令嬢の手をとれたら］／日野アラシ［私の小さなおひめさま］●特集：最新情報　TV アニメ［私の推しは悪役令嬢。］／最新情報　劇場アニメ［大室家］●巻末コラム：［オフレコ×ガールズトーク「天野聡美」］／［たまごひめの百合沼ダイアリー］／［ドイツのBL女子が百合に出会って女王と呼ばれるようになった話］／［デザインのゆりひめ］／［こじらせろ！百合妄想］※電子版「コミック百合姫」内に掲載されている広告・情報・価格は紙版で発行した当時のものとなります。電子版には付録は含まれておりません。プレゼント・アンケート等は締め切りが過ぎているものや受付対象外のものもございますので、何卒ご了承ください。  
ヒナタノユリ ,,['よつば◎ますみ。'],第 2 巻 (全 2 巻) ,2023-10-18,日本文芸社 ,,,,http://yurinavi.com/2023/10/25/hinatanoyuri-2/,Kindle版,,"['4.3', '24']",,恋を越え、愛を貫く、狂おし愛しい百合物語ーー!!恋をしたことがないＯＬ・日向かしこは、 「何でもするから、泊まらせてほしい」と話す、身分不詳の美少女・レイカに出会う！彼女との密なる日々を送る最中、交通事故に遭い病院で目覚めるも、隣にレイカは存在せず…。そして、女医から知らされる驚愕戦慄の真実!!かしこのレイカへの揺るがぬ想いは、募り溢れて…。ロンリー・オンリー・ガールミーツ・ロマンス  
明日ちゃんのセーラー服 ,,['博'],第 12 巻 (全 12 巻) ,2023-10-19,集英社 ,,,,http://yurinavi.com/2023/09/05/akebichan-12/,Kindle版,,"['4.9', '244']",,“染”まりゆく季節と“心”――。　明日小路（あけびこみち）は、田舎の名門女子中学、私立ロウ梅学園に通う1年生・セーラー服少女。季節は巡り、秋は深まる。心機一転。セーラー服も中間服から冬服に衣替え♪　来たる文化祭に向け、それぞれの気持ちや思惑が交わっていく――…色濃く染まる第12巻♪♪  
タダでは抱かれません ,,['檜原フキ'],第 7 巻 (全 7 巻) ,2023-10-19,講談社 ,,,,http://yurinavi.com/2023/10/16/tadadeha-7/,Kindle版,,"['4.7', '86']",,中野会メンバーのエマ・筧さん・戸波さん主催のクリスマスパーティーにお呼ばれした都子たち。楽しい時間を過ごす都子だったが、プレゼント交換会のサプライズが「都子とエッチできる券」だと知り‥‥？  
  『人斬り』少女、公爵令嬢の護衛になる (GCN文庫) ,,"['笹塔五郎', 'ミユキルリア']",,2023-10-20,マイクロマガジン社 ,,,235ページ ,http://yurinavi.com/2023/10/16/hitogirisyoujyo/,Kindle版,,"['4.3', '20']",,護衛の任務に就くために育てられ、剣を極めた少女・シュリネ。だが、護衛対象を暗殺したという濡れ衣を被せられて逃亡の旅に出ることに。故郷を追われてしまったシュリネは異国の地で、王位継承問題に巻き込まれて命を狙われる公爵令嬢・ルーテシアと出会う。今まさに刺客に襲われているルーテシアに、シュリネはある提案を持ち掛ける。「わたし、ちょっとお金に困ってるんだ。護衛が必要なら、たった今から雇われてあげるけど」――二人の出会いが王国の命運を左右する！　少女たちの剣戟バトルファンタジー、開幕！  
リコリス・リコイル ,,"['備前 やすのり', 'Spider Lily']",第 3 巻 (全 3 巻) ,2023-10-23,KADOKAWA ,,,,http://yurinavi.com/2023/10/22/lycoris-recoil-comic-3/,Kindle版,,"['4.8', '170']",,あなたと、たくさんの初めてを。あなたと、たくさんの初めてを。模擬戦を終え、また戻ってきた喫茶リコリコでの日々。束の間の平穏……と思いきや、ある日、たきなの服装に関して信じがたい事実が発覚！ 危機感を覚えた千束は、たきなとともにショッピングに繰り出す。  
いびってこない義母と義姉 ,,['おつじ'],第 5 巻 (全 5 巻) ,2023-10-25,一迅社 ,,,,http://yurinavi.com/2023/10/25/ibittekonai-5/,Kindle版,,"['4.9', '587']",,ぬくもり感じる!?ギャップづくしの学園生活、開幕!!!!描き下ろし3編も収録！　《あらすじ》鴻蔵家の一員として名門女学校に通い始めた美冶。調理実習や試験勉強、授業参観と名家ばかりの学園に馴染もうと奮闘していた。そんななか生徒会への登竜門である学級委員長選挙が開催されることになり――！新たな出会いも!?な第5巻！  
姉の親友、私の恋人。 ,,['藤松 盟'],第 4 巻 (全 4 巻) ,2023-10-26,KADOKAWA ,,,,http://yurinavi.com/2023/10/25/anenoshinyu-4/,Kindle版,,"['4.9', '128']",,2人の関係はきっと、緩やかに進んでいく――。前に進むことを決意した聖奈は、少しずつ周りが見えるようになってきていた。そんなゆっくりと自分のペースで成長する聖奈に、菊は密かに不安を抱えていた。お互いの想いと優奈への想い、それぞれとゆっくり向き合っていく――。二人の女性が抱える恋のお話、最終巻。  
私、エリート天使ですが難攻不落なJKに困ってます！ ,,['のやま'],第 3 巻 (全 3 巻) ,2023-10-26,KADOKAWA ,,,,http://yurinavi.com/2023/10/25/eriten-3/,Kindle版,,"['4.8', '38']",,アリエルとキララが引き離される…!?天使・アリエルは、JK・キララのお願いを叶えるために日々奮闘……！ 変わらずキララを見守るアリエルですが…?上級昇格試験を受けるために、二人とも天界に連行されてしまって!!?天使（♀）×ＪＫ（♀）の刺激的でエッチなドタバタラブコメ最終巻！  
HGに恋するふたり ,,"['工藤 マコト', '矢立肇・富野由悠季']",第 7 巻 (全 7 巻) ,2023-10-26,KADOKAWA ,,,,http://yurinavi.com/2023/10/25/hgni-koisuru-7/,Kindle版,,"['4.7', '228']",,アラサーＯＬとＪＫが贈る『ガンプラ』日常コメディ、第７巻!!!アラサーＯＬとＪＫが贈る『ガンプラ』日常コメディ、第７巻!!!会社での顔と隠れ趣味を知る昴と、 成り行きでデュナメスを一緒に作る事になった神崎。 面識のない昴を訝しむ神崎だったが、 そこにはある秘密と想いが隠されていて…！？  
雪解けとアガパンサス ,,['なうち'],第 2 巻 (全 2 巻) ,2023-10-26,KADOKAWA ,,,,http://yurinavi.com/2023/10/25/yukidoke-2/,Kindle版,,"['4.9', '53']",,このドキドキする気持ちは友情？それとも…？無邪気で明るい転校生・春(しゅん)に心のときめきが止まらない女子校の王子(プリンス)・夏月(なつき)。他の生徒とは違う春の態度に、動揺しつつも嬉しくて春のことばかり考えてしまう。そして春が他の生徒と仲良くしているのを見ると、苛立ちや焦りを感じ…。夏月は自分の気持ちが抑えられなくなっていくのを自覚し始め…!?  
ほぐして、癒衣さん。 ,,['ミナミト'],第 2 巻 (全 2 巻) ,2023-10-27,芳文社 ,,,,http://yurinavi.com/2023/08/03/hogushite-2/,Kindle版,,"['4.9', '180']",,ブラックな求人誌制作会社で、日々心と体を蝕まれる夏鈴ことカワちゃん。そんな彼女のことが気になる上司の癒衣さんですが、他部署の八潮さんとカワちゃんが最近仲良さそうで気が気じゃない？疲れている全ての現代人に贈る、ほぐし癒し4コマ！  
ご注文はうさぎですか？ Complete Blend ,,['Ｋｏｉ'],第 4 巻 (全 4 巻) ,2023-10-27,芳文社 ,,,,http://yurinavi.com/2023/08/04/gochiusa-cb-4/,Kindle版,,"['5.0', '16']",,『ご注文はうさぎですか?』の完全版コミックスが登場！雑誌連載時のカラーページは完全再現で、1コマ1コマの美しさをお届けします。カバーイラストは描き下ろし。完全版第４巻は、通常コミックス７巻&８巻の内容を収録しています。  
妄想アカデミズム ,,['檜山ユキ'],第 1 巻 (全 1 巻) ,2023-10-27,芳文社 ,,,,http://yurinavi.com/2023/10/26/mousou-akademi-1/,Kindle版,,"['4.6', '11']",,湯島未春、どこにでもいる高校2年生。“東卿大学”志望の幼馴染・室町莉子と同じ大学に通いたい！と、自分も東大を受験することに。同級生の吉野ゆう、浪人生の三四一葉とも一緒に勉強を始める未春ですが、勉強中にやってくる盛んな妄想は助けになるのか!?　それともジャマになるのか!?妄想力で、目指すは東大！  
蜂も刺さずばうたれまい ,,['るりえ'],第 2 巻 (全 2 巻) ,2023-10-27,芳文社 ,,,,http://yurinavi.com/2023/10/26/hachimosasazuba-2/,Kindle版,,"['4.7', '12']",,普通に憧れる元ヤンJK・すずめに訪れた高校生初めての夏！かけがえのない仲間(ヤンキー含む)と過ごす夏はこの上なく楽しいけれど、やっぱり“普通”は近くて遠い。つよくて、チョロくて、誰より優しい元ヤンJKの普通攻略物語、完結巻です！  
大正忌憚魔女 ,,['うさみ みき'],第 2 巻 (全 2 巻) ,2023-10-27,KADOKAWA ,,,,http://yurinavi.com/2023/10/26/taisyo-kitan-2/,Kindle版,,"['5.0', '91']",,大正時代の日本で暮らす小さな魔女の物語。大正時代の日本で暮らす小さな魔女の物語。大正時代の日本と西洋の魔術。 異なる文化を繋ぐのは 嫌われものの魔女でした。  
わたしのために脱ぎなさいっ！ ,,['九郎'],第 7 巻 (全 7 巻) ,2023-10-27,KADOKAWA ,,,,http://yurinavi.com/2023/10/26/watanugi-7/,Kindle版,,"['4.7', '24']",,お友達は作画資料！？ ＪＫエロマンガ家の起死回生コメディ！お友達は作画資料！？ ＪＫエロマンガ家の起死回生コメディ！人見知りな女の子・二ノ瀬しずくは、成年向け漫画を描いて生計を立てているワケありな女子高生。毎日を生き抜くため仕事に打ち込むしずくだったが、＜ある問題＞に直面してしまい…。  
はいどう！ ,,"['桑佳 あさ', '平沼 義之']",第 1 巻 (全 1 巻) ,2023-10-27,KADOKAWA ,,,,http://yurinavi.com/2023/10/26/haidou-1/,Kindle版,,"['4.6', '29']",,廃道に情熱を傾ける少女たちの物語。「雪のお姫様」と呼ばれている転校生、昌永雪那。とても無口な彼女だが“廃道”の話をするときだけははじけるような笑顔に!?そんなかわいい彼女の笑顔をみるために林檎は雪那とともに“廃道”を一緒に探索する…！廃道に情熱を傾ける少女たちの物語♪  
ロックは淑女の嗜みでして ,,['福田宏'],第 3 巻 (全 3 巻) ,2023-10-27,白泉社 ,,,,http://yurinavi.com/2023/10/26/rockha-ladyno-3/,Kindle版,,"['4.9', '69']",,バンド界で話題騒然!!可愛いお嬢様が奏でるのは…インストロック!!初めての対バンに挑むりりさだが、緊張とプレッシャーでいつもの演奏が出来ず…？お嬢様たちが汗を飛び散らせ魂を燃やす、激熱ロック青春譚、第３巻!!  
転生大聖女の異世界のんびり紀行 ,,"['キダニエル', '四葉夕卜']",第 6 巻 (全 6 巻) ,2023-10-30,講談社 ,,,,http://yurinavi.com/2023/08/25/tenseidaiseijyo-comic-6/,Kindle版,,"['4.9', '300']",,南方都市イクセンダールにてヒルネの日常は、大聖女のお勤めに追われて慌ただしくなってきました。もっと、のんびり過ごしたいヒルネは、大教会の修繕に乗り出したのですが……！？  
推しの美少女に告白される話 ,,['翠星ちょこ'],第 1 巻 (全 1 巻) ,2023-10-31,ナンバーナイン ,,,,http://yurinavi.com/2023/10/27/oshinobisyoujyoni-1/,Kindle版,,"['5.0', '115']",,クラスメイトの佐々木莉佳は、クールな美少女。彼女を「推し」て憧れている柚は、高校生になったのを機に、オシャレになろうと頑張り始めた。だが一人では上手くいかず、オシャレの先生を「推し」である莉佳に頼んでみるが…Xやpixivに掲載しているシリーズをおまとめしました。素直×クールな百合のラブコメ少女漫画です！柚の友人視点の描き下ろし漫画（16P）や、カバー裏表紙の漫画、オマケの作者こぼれ話ページもあります。表紙込みで118ページです。  
  ときときチャンネル　宇宙飲んでみた (創元日本ＳＦ叢書) ,,['宮澤 伊織'],,2023-10-31,東京創元社 ,,,252ページ ,http://yurinavi.com/2023/10/27/tokitoki-channel/,Kindle版,,"['4.7', '46']",,天才科学者の発明を紹介し、目指せチャンネル登録者1000人！〈裏世界ピクニック〉著者による新感覚の動画配信者SF！！＃１【宇宙飲んでみた】……同居人が汲んできた“宇宙”を食レポします！＃２【時間飼ってみた】……時間の結晶、飼ってみたらどうなる？＃３【家の外なくしてみた】……外ロケのはずが家の外に出られない！？……and more!チャンネル登録と高評価、ぜひお願いします！配信サービスで《ときときチャンネル》を始めた十時（ととき）さくらは、同居人のマッドサイエンティスト・多田羅未貴（たたらみき）の発明を紹介し、収益化することを目指す。宇宙を飲んで、時間を飼って、目指せチャンネル登録者数1000人！　全編配信口調と視聴者コメントで語られる、新感覚の配信者ＳＦ！*本電子書籍は、『ときときチャンネル　宇宙飲んでみた』（創元日本SF叢書　2023年10月初版発行）を電子書籍化したものです。【目次】＃１【宇宙飲んでみた】＃２【時間飼ってみた】＃３【家の外なくしてみた】＃４【近所の異世界散歩してみた】＃５【エキゾチック物質雑談してみた】＃６【登録者数完全破壊してみた】  
ゆうやけトリップ ,,['ともひ'],第 2 巻 (全 2 巻) ,2023-09-01,芳文社 ,,,,http://yurinavi.com/2023/08/01/yuuyake-2/,Kindle版,,"['4.8', '191']",,中学二年の夏。新聞部に所属する蜷森茜は、放課後の心霊スポット取材を通して転校生の雨村さんと二人だけの思い出を作っていく。一方その頃、二人の通う学校では七不思議の「忘れられた七番目の怪談」の噂が生徒たちの間で広まっていて…？迷路のような「宵の坂町」を巡る二人きりの放課後探検譚、絆と謎が深まる第２巻！  
カメラ、はじめてもいいですか？ ,,['しろ'],第 5 巻 (全 5 巻) ,2023-09-04,少年画報社 ,,,,http://yurinavi.com/2023/08/02/camera-hajimetemo-5/,Kindle版,,"['4.7', '99']",,根暗で猫背な（実は巨乳）自分が好きじゃない女子高生のミトがお隣のお姉さん・チサトに誘われたのはファインダー越しの世界。カメラをきっかけに新しい一歩を踏み出したミトの周りには続々と新しいカメラ友達が集まり、ミトは自分の撮りたいものがチサトだったことに気づきチサトを被写体に猿島で撮影するが!?ガールズホビーコミック！  
  ガレットNo.27 ,,"['袴田めら', '百乃モト', '寄田みゆき', 'ネコハリコ22', '森永みるく', '明日部結衣', '桜家ゆきの', 'しらいぬ', 'みほ', '姉井戸']",27,2023-09-04,,,,,http://yurinavi.com/2023/08/29/galette-27/,Kindle版,,"['4.5', '37']",,ガレットNo.27　「ガレット」はマンガ、イラスト、写真など様々なジャンルの百合を集めた自主制作百合コミック誌です。（全２０１P）表紙・pen★巻頭カラー★・袴田めら　　　　相方システム＃19連載・百乃モト　　　　グッバイ・デイジー＃2・寄田みゆき　　　保健室のあの女＃9・ネコハリコ22　　私だけに見せて欲しい＃7(最終回)・森永みるく　　　ひみつのレシピ＃1～4読み切り・明日部結衣・桜家ゆきの・しらいぬ・みほ・姉井戸＜SS>おおきたつぐみ（ILLUSTRATION：りおん）ILLUSTRATION・はーみん・みるこ読み物・ゆりっこ研究所＜桜家ゆきの＞・140文字の百合（ILLUSTRATION：やとさきはる）デザイン・Blankie・chipco design  
忘れえぬ魔女の物語 ,,"['宇佐楢春（GA文庫／ＳＢクリエイティブ刊）', 'やまだしゅら', 'かも仮面']",第 3 巻 (全 3 巻) ,2023-09-07,スクウェア・エニックス ,,,,http://yurinavi.com/2023/08/01/wasureenumajyo-comic-3/,Kindle版,,"['4.8', '16']",,『今日』を何度も繰り返す世界で、選ばれなかった一日があることを「わたし」だけが憶えている。そして、繰り返す『今日』は気まぐれで、『今日』が終わったらリセットされて、明日また来る『今日』が、同じ一日になることは殆どない。夏休み前の最終登校日から数えて二百日に及ぶ夏休みが終わった九月、未散と毎日会えることに喜びを感じる綾香だったが、未散がラブレターを貰ったことで、二人の関係は文化祭が近づく中で少しづつ進展してゆくことに…。だがその先で、未散との幸せな時間を期待する綾香に待っていたのは、回避不能な過酷な運命。そしてその時…綾香が初めて知ることになる衝撃の事実は──…!?「わたし」と「彼女」の不器用な想いにまつわる、すこしフシギな物語、物語の根幹に関わる秘密が明かされる第３巻!!  
もういっぽん！ ,,['村岡ユウ'],第 25 巻 (全 26 巻) ,2023-09-07,秋田書店 ,,,,http://yurinavi.com/2023/08/02/mouippon-25/,Kindle版,,"['4.9', '175']",,未知たち3年生にとっては最後のインターハイ埼玉予選。念願の対決に未知は…！？　2023年1月クールのアニメも大好評！ 柔道ガールズ・ダイアリー！ ※こちらは巻末に電子版のみのイラスト集がついている特別版となります。  
秘密のお姉さん養成ノート ,,['トフ子'],第 2 巻 (全 2 巻) ,2023-09-07,芳文社 ,,,,http://yurinavi.com/2023/08/04/himitsuno-oneesan-2/,Kindle版,,"['4.8', '50']",,憧れのお姉さんのようになりたい紫山蛍。会社の主任や花屋さん、着物の先生と、周囲のお姉さんたちが持つお尻、脚、むっちりの外見はもちろん、内面の素敵さを観察しまくる日々。お姉さんたちと絡みながら「素敵お姉さん」への道を突き進んでます!?  
剣士を目指して入学したのに魔法適性9999なんですけど!? ,,"['iimAn&惟丞', '年中麦茶太郎', 'りいちゅ']",第 13 巻 (全 13 巻) ,2023-09-08,KADOKAWA ,,,,http://yurinavi.com/2023/08/02/kenshimezashite-comic-13/,Kindle版,,"['4.7', '40']",,未だ見ぬ魔法剣を求めて、目指せ！ 古代文明の遺跡“浮遊宝物庫”です!!未だ見ぬ魔法剣を求めて、目指せ！ 古代文明の遺跡“浮遊宝物庫”です!!アンナの誕生日プレゼントに皆で頑張って手に入れた大切な双剣が、ローラとの試し斬りで折れてしまった……！ でもでも落ち込んでなんかいられません、新たな武器の手掛かりは、謎多き“浮遊宝物庫”にあり!?  
紅殻のパンドラ ,,"['六道 神士', '士郎 正宗']",第 25 巻 (全 25 巻) ,2023-09-08,KADOKAWA ,,,,http://yurinavi.com/2023/08/21/pandora-25/,Kindle版,,"['4.8', '210']",,士郎正宗×六道神士の最新電脳アクション　第25巻！士郎正宗×六道神士の最新電脳アクション　第25巻！圧倒的な力で世界征服を推し進めるウザル。ネネとクラリオンは人類とウザル自身を「救う」決意を固める。たくさんの仲間たちに助けられ、ついに「紅殻」が発進！　あの美少女アイドルリポーターの名前も明らかに！？  
小林さんちのメイドラゴン ,,['クール教信者'],第 14 巻 (全 14 巻) ,2023-09-12,双葉社 ,,,,http://yurinavi.com/2023/07/06/meidoragon-14/,Kindle版,,"['4.8', '721']",,更なる強さを求めて自分に合う武器を探すトール。見知らぬ竜と交流して謎の力を授かる小林さん。人間界に興味を持ち、移住しようとする異世界の者たち。そして、一見すると人間とドラゴンが共存しているように見える街。それぞれの関係性が一歩先に進むための準備と心構えとは！？小林さんとトールが出会ったことから始まった物語に新たなステージを予感させる第14巻！！  
付き合ってあげてもいいかな ,,['たみふる'],第 11 巻 (全 11 巻) ,2023-09-12,小学館 ,,,,http://yurinavi.com/2023/07/24/tsukiatteagetemo-11/,Kindle版,,"['4.9', '180']",,体ごと愛してもらわないと、不安なの…優梨愛の実家で、彼女の夢の原点を知る冴子。みわと環の、性への価値観のズレは二人の間に少しずつ溝を作っていく。「なんでいっつも、性欲にしか行きつかないの…!?」何を愛情と感じるか、何を重荷に思うかはそれぞれ違って、どうしても交わらない…。想い合う二人のわかりあえなさを憂う、第11巻！  
はなにあらし ,,['古鉢るか'],第 13 巻 (全 13 巻) ,2023-09-12,小学館 ,,,,http://yurinavi.com/2023/07/24/hananiawashi-13/,Kindle版,,"['4.9', '138']",,『内緒』の交際ダイアリー、完結「ちゃんと話さないとね わたし達のこと」好事魔多し、月に叢雲、花に嵐――良いことには、とにかく邪魔が入りやすいことの例え。卒業後は離れ離れになってしまう友達に、ふたりの秘密を話すか迷う千鳥となのは。そして、卒業式当日。なのはの口から出た驚きの言葉とは――受験、卒業、そして東京での暮らし…ふたりの未来を紡ぐ完結巻です。  
花唄メモワール ,,['一ノ瀬けい'],第 2 巻 (全 2 巻) ,2023-09-12,芳文社 ,,,,http://yurinavi.com/2023/08/03/hanauta-2/,Kindle版,,"['4.9', '39']",,現代で見つけた大正時代の新聞から、藤野の〝思いもよらぬ出来事〟を知り、再び大正へ舞い戻った梅。大正では年末を迎えており、年越しの準備から十日市への買い出しと慌ただしい様子。そんな中で、梅にとても身近な〝あの人〟との邂逅や来客を通して、花瀧屋の人々の心に触れていく。冬は冴え、縁（えにし）と想いが花ひらく青春冒険譚、第2巻。  
魔法使いロゼの佐渡ライフ ,,['おみなえし'],第 2 巻 (全 2 巻) ,2023-09-12,芳文社 ,,,,http://yurinavi.com/2023/08/03/sadolife-2/,Kindle版,,"['4.8', '67']",,異世界から転移してきた魔法使い・ロゼ。島民の女の子・紗菜と一緒に〝佐渡ライフ〟を満喫中。茅の輪くぐりに海水浴、さらに金山でのイベント企画も!?また温泉で出会ったときこ＆ルナが、ロゼ達のお仕事を手伝ってくれるようで…？佐渡の魅力満載な頑張りコメディ・第2巻！  
裏世界ピクニック ,,"['宮澤伊織', '水野英多', 'shirakaba']",第 11 巻 (全 11 巻) ,2023-09-12,スクウェア・エニックス ,,,,http://yurinavi.com/2023/07/24/urasekai-comic-11/,Kindle版,,"['4.8', '195']",,閏間冴月を信仰する団体による襲撃により拉致された空魚と鳥子、そして小桜。<地下のまる穴>と<山の牧場>の実話怪談を通って向かう先は、何とDS研!!魅了の｢声｣を持ち、冴月を崇拝する潤巳るなの目的とは一体…!?表に出せない感情同士が激突する、女子たちのサバイバル！原作者･宮澤伊織氏描き下ろしSSを特別収録!!  
フツーと化け物 ,,"['篠月しのぶ', '羽流木はない']",第 1 巻 (全 1 巻) ,2023-09-12,KADOKAWA ,,,,http://yurinavi.com/2023/08/21/futsuto-bakemono-1/,Kindle版,,"['4.9', '96']",,青春の焦燥と憧憬が入り乱れて加速するオトメ暴走譚！対人関係がニガテな伊藤さんは控え目だけど誰とでも仲の良いクラスメイトの高橋さんを羨んでいた。ある日、伊藤さんは高橋さんが人を丸呑みしているのを目撃してしまう。高橋さんは人間に擬態する化け物だったのだ！恐ろしい怪物が平然とクラスに溶け込んでいた――そんなのって超憧れる!!ゼッタイ高橋さんと友達になりたい！！伊藤さんは化け物の高橋さんから、人間社会の“フツー”を教わることに。浮かれる伊藤さんだが、高橋さんには、ある思惑が……。異才作家×「幼女戦記」の気鋭イラストレーターのタッグが放つ青春の焦燥と憧憬が入り乱れて加速するオトメ暴走譚！  
夢でフラれてはじまる百合 ,,['ヒジキ'],第 2 巻 (全 2 巻) ,2023-09-14,竹書房 ,,,,http://yurinavi.com/2023/06/30/yumedefurarete-2/,Kindle版,,"['4.9', '346']",,どこにでもいる女子高生・杉山月詩には、クールで美人だけどどこか隙の多い幼馴染の女の子・群咲陽花がいる。フラれる夢がきっかけで陽花への恋心を自覚した月詩と、本当はずっと月詩のことが好きだった陽花・・・・・・。クラスメイトの積極的ギャル・紗羅とイケメン眼鏡女子・結のアシストもあり、月詩は海で告白する決心を固める――。両片想いの焦れったさが話題沸騰中！「陽キャ（？）乙女」×「クーデレ（？）少女」の夢からはじまる夢現ガールズラブ、第2巻――！！★単行本カバー下画像収録★  
  友達が私を理解らせにくるので勝利の女神の力を借りてこっちも理解らせにいきます。 (1) (バンブーコミックス) ,,['ショウマケイト'],1,2023-09-14,竹書房 ,,,,http://yurinavi.com/2023/08/22/tomodachigawatashiwo-1/,Kindle版,,"['4.9', '102']",,勉強も運動もダメダメな主人公のいろはは同級生のひふみ（メスガキ）にいつもバカにされている。そんないろはのもとに勝利の女神・チーキィ（メスガキ）が現れ、色々なアイテムを使っていろはに勝利をもたらそうとするのだが・・・！？メスガキVSメスガキの理解らせあい開幕！！★単行本カバー下画像収録★電子版は連載時のカラーを収録しております！  
君としらない夏になる ,,['きぃやん'],第 3 巻 (全 3 巻) ,2023-09-15,一迅社 ,,,,http://yurinavi.com/2023/07/24/kimito-shiranai-3/,Kindle版,,"['4.3', '87']",,島からの就職活動、生活費、アルバイトの終了…上手くいかないことばかりが頭にこびりつく、そんな現実を知らせる夏になった。熱も冷める夜に熱く抱き合う二人は本気で相手のことを考え、次の道を決めなければならなかった。渡ってきた海に向かって立ち、誰よりも強くなった二人が再び歩き出す最終巻…!  
  コミック百合姫 2023年11月号[雑誌] ,,"['めばち', 'コダマ ナオコ', '青乃 下', 'いのり。', '花ヶ田', 'tsuke', '椋木 ななつ', 'なもり', 'FLOWERCHILD', 'シクシク', '金子 ある', '未幡', '散葉 ちんみ', 'くわばら たもつ', '雨水 汐', 'さかさな', 'こるせ', 'はづき', '日野 アラシ', 'ひあるろん＆達磨']",,2023-09-15,一迅社 ,,,,http://yurinavi.com/2023/09/13/yurihime-202311/,Kindle版,,"['4.7', '93']",,毎月発売！ 世界で唯一の百合専門誌11月号は、コダマナオコ先生待望の新連載! 「嘘つき花嫁と同性結婚論」が巻頭カラー！ 「私の推しは悪役令嬢。」と「大室家」のアニメ最新情報も! お楽しみに!●表紙：めばち ●巻頭カラー：コダマナオコ［嘘つき花嫁と同性結婚論］●連載作品：漫画：青乃下　原作：いのり。　キャラクターデザイン原案：花ヶ田［私の推しは悪役令嬢。］／漫画：tsuke　原作：いのり。　キャラクターデザイン原案：花ヶ田［私の推しは悪役令嬢。メイドキッチン］／椋木ななつ［私に天使が舞い降りた！］／なもり［ゆるゆり］［大室家］／FLOWERCHILD［映しちゃダメな顔］／シクシク［この世で一番素敵な終わり方］／金子ある［平良深姉妹はどっちもヤんでる］／未幡［私の百合はお仕事です！］／散葉ちんみ［嫌われ魔女令嬢と男装皇子の婚約］／くわばらたもつ［ぜんぶ壊して地獄で愛して］／雨水汐［女ともだちと結婚してみた。］／さかさな［奈落の花園］／こるせ［伽藍の姫-がらんのひめ-］／はづき［おそとごはんをご一緒に］／日野アラシ［しかばね少女と愛が重い聖騎士の討伐学園ライフ］／ひあるろん＆達磨［小春と湊］●特集：最新情報　TV アニメ［私の推しは悪役令嬢。］／最新情報　劇場アニメ［大室家］●巻末コラム：［オフレコ×ガールズトーク「二ノ宮ゆい」］／［たまごひめの百合沼ダイアリー］／［ドイツのBL女子が百合に出会って女王と呼ばれるようになった話］／［デザインのゆりひめ］／［こじらせろ！百合妄想］※電子版「コミック百合姫」内に掲載されている広告・情報・価格は紙版で発行した当時のものとなります。電子版には付録は含まれておりません。プレゼント・アンケート等は締め切りが過ぎているものや受付対象外のものもございますので、何卒ご了承ください。  
  恋の絶望行進曲 (HARTA COMIX) ,,['富沢 未知果'],,2023-09-15,KADOKAWA ,,,,http://yurinavi.com/2023/08/05/koinozetsubou/,Kindle版,,"['4.9', '22']",,残酷な彼女がくれる、甘い刺激。　浮気性×真面目のドロ沼ガールズラブ！「ねえ、私と付き合ってみる？」同じクラスのアミにずっと恋心を抱いていたレイ。振られるのを覚悟して告白したら、なんとアミも同じ気持ちだった！晴れて恋人同士になったけど、なんだかアミの様子がちょっと変。四六時中アミのことを考えて、一途に愛するレイに対し、アミは恋人をひとりに決めない、自由な恋愛観の持ち主だった。レイの重めの愛情が勝つか、浮気性のアミがうまく逃げ切るのか。恋人同士になってからの苦悩を描いた、ドロ沼ガールズラブ！女の子の描写に細部までこだわる新人作家・富沢未知果の初コミックス！  
  ふつおたはいりません！　～崖っぷち声優、ラジオで人生リスタート！～ (電撃の新文芸) ,,"['結城 十維', 'U35']",,2023-09-15,KADOKAWA ,,,383ページ ,http://yurinavi.com/2023/08/22/futsuota-1/,Kindle版,,"['4.9', '47']",,崖っぷちアラサー声優、人気女子高校生声優（生意気）とラジオ始めます。通帳残高わずか、現在レギュラーなし、コンビニバイトが中心の、崖っぷちアラサー声優・吉岡奏絵。デビュー当時は主役を演じたこともあるが、今はその過去の栄光にすがるだけの売れない、オワコン声優である。『そろそろ潮時だろうか』と諦めかけたところに、事務所からラジオ番組の仕事が舞い込む。意気揚々と現場に向かうと、そこにいたのは売れっ子の、女子高校生声優・佐久間稀莉であった！稀莉との出会いは、奏絵の転機につながるか……？崖っぷちの売れないアラサー声優と、売れっ子女子高校生声優（生意気）が織りなす、ラジオ番組『これっきりラジオ』が今始まる――  
恋より青く ,,['深海紺'],第 1 巻 (全 1 巻) ,2023-09-19,集英社 ,,,,http://yurinavi.com/2023/08/02/koiyoriaoku-1/,Kindle版,,"['4.9', '222']",,好きなことが見つけられず、放課後を持て余す女子高生・高峯。ある日、電車内で落とした本を取り違えたことから読書好きの他校の生徒・咲倉と出会う。「本」を介した放課後のみの不思議な交流の中、高峯と咲倉はお互いに惹かれ始めていき――。友情でも恋愛でもない、ふたりだけの名前のない関係性を育む少女たちの青い春――。  
放課後ていぼう日誌 ,,['小坂泰之'],第 11 巻 (全 11 巻) ,2023-09-20,秋田書店 ,,,,http://yurinavi.com/2023/08/05/houkago-teibou-11/,Kindle版,,"['4.9', '1212']",,祝・実写ドラマ化！ 女子高生×釣り・ほのぼの部活マンガ！　ていぼう部の夏休みはまだまだこれから! 4泊5日の伍島合宿から帰ってきた陽渚たちは、渓流釣りに味をしめた大野の発案でエリアトラウトに行くことに！ 雄大な自然ときれいな釣り場、バイトで稼いだ軍資金で選び放題のルアーにテンションが上がる陽渚だったが、今回もなぜか自分だけ魚が釣れない！ 得意の釣り真似を試してもやっぱり釣れず困惑する陽渚に、部長から「ぜんぶダメ」との厳しい言葉が…。はたしてマスは釣れるのか!?  
スケバンと転校生 ,,['ふじちか'],第 2 巻 (全 2 巻) ,2023-09-21,双葉社 ,,,,http://yurinavi.com/2023/07/03/suketen-2/,Kindle版,,"['5.0', '95']",,尊すぎる80'sガールズラブコメディ！かわいい言葉を言ってらもらうだけの関係から「友達」になった転校生の神崎凛々とスケバンの南雲あつ子。駄菓子屋や夏祭りに行ったりと、楽しい日々を過ごす。だけど時にすれ違うこともあり…!? ふたりの距離がさらにぐっと近づく最新刊。  
すいんぐ!! ,,['佐倉 おりこ'],第 5 巻 (全 5 巻) ,2023-09-21,実業之日本社 ,,,,http://yurinavi.com/2023/08/05/swing-5/,Kindle版,,"['5.0', '11']",,ゴルフ部の女子高生が繰り広げるキュートな青春日常系コメディ！！ついに完結！！廃部の危機！？　…を、みんなで乗り越えたゴルフ部メンバー。練習の成果も少しずつ出てきて、みんなのゴルフの腕前も始めたころに比べるとだいぶ上達してきた。だけど、それぞれ不得意なところもあって悩みもつきない。でも、みんなで励まし合って…Let’s Enjoy Golf！！作品完結記念として、巻末に「特別企画カラーイラスト集」28ページ収録！！  
  大好きな親友がＶチューバーの自分にガチ恋してた話 (アクションコミックス) ,,['氷川翔'],,2023-09-21,双葉社 ,,,,http://yurinavi.com/2023/08/21/daisukinashinyuga-1/,Kindle版,,"['4.8', '97']",,"Vチューバー「堂島タイガ」の「中の人」をしている針山照子はある日、大好きな親友・推川健夜から、""タイガ""の大ファンだと告白されてしまう！「タイガは自分である」とは言えない照子は、ガチ恋勢の健夜から""推し""の話を日々聞かされ、悶々とした日々を送っているが…！？Vチューバ―をめぐる不思議な三角関係がSNSで話題のショートコメディ、描き下ろしを多数収録して、書籍化！  "
おとりよせしまっし! ,,['ちさこ'],第 3 巻 (全 3 巻) ,2023-09-22,KADOKAWA ,,,,http://yurinavi.com/2023/08/23/otoriyoseshimasshi-3/,Kindle版,,"['4.9', '53']",,お仕事を頑張ったごほうびは、ふるさと北陸グルメで舌鼓！！お仕事を頑張ったごほうびは、ふるさと北陸グルメで舌鼓！！加賀ひまり（２８歳・石川県出身）の密かな楽しみは、故郷・北陸グルメのお取り寄せ！　在宅勤務多めなデザイナー女子の、お取り寄せグルメ満喫コミック、第３巻！  
百合にはさまる男は死ねばいい!? ,,['蓬餅'],Volume 3 of 3 ,2023-09-22,LINE Digital Frontier ,,,,http://yurinavi.com/2023/08/23/yurihasa-3/,Kindle版 (Convert),,"['4.9', '92']",,不器用でがむしゃらで、でも必死で切実。その気持ちはやがて吹奏楽部全体を動かしていく――。大人気青春群像劇、一致団結の第3巻！南陵高校吹奏楽部。入部以来ずっとトランペットの1stポジションを勝ち取って来た片桐千早のもとに、吹奏楽の強豪校で、同じくトランペットの1stを担当していた転校生、相川響が現れる。やがて二人は音楽を通じて、お互いにとって唯一無二の存在になっていく――。無事県大会へ進出を決めた吹奏楽部だったが、出席率の低い相川に対する不信感が募り、パーカッション担当の３年生、狗井が密かに署名活動をするなど、大事な時期に部員たちの団結力が揺らいでいく。そこで片桐は、とある作戦を考えて……？「次にくるマンガ大賞2023」webマンガ部門ノミネート！LINEマンガ発の大人気青春群像劇、新たな一歩を踏み出す第3巻！    
兄の嫁と暮らしています。 ,,['くずしろ'],第 14 巻 (全 14 巻) ,2023-09-25,スクウェア・エニックス ,,,,http://yurinavi.com/2023/08/01/aniyome-14/,Kindle版,,"['4.9', '249']",,岸辺志乃、高校生。17歳。だんだんと近付く、高校卒業と大学受験。兄の嫁、希さんとの二人暮らしが終わるなら、私達の関係って何なんだろう…。『他人だけど家族』――。そんな二人を描く、不可思議で、不器用で、そして少しだけ絆が強くなる、日常センシティブストーリー第14巻。  
つりこまち ,,['山崎夏軌'],第 5 巻 (全 5 巻) ,2023-09-25,スクウェア・エニックス ,,,,http://yurinavi.com/2023/08/05/tsurikomachi-5/,Kindle版,,"['4.8', '34']",,別れが「釣り師」を強くする。世界へ挑戦できる日本代表は誰の手に!?日本代表第１次選考に挑む女子高生釣り師・館山真理萌。「道具」への強い拘りが首を絞め、勝負さえ出来ない状況に。脳裏によぎる「母との思い出」。刻一刻と終了時間が迫る中、真理萌が導き出した決断、それは――。「覚醒」別次元への扉を開いた真理萌の反撃が今始まる。「夢」を釣り上げるため乗り越える青春ガールズフィッシング、第５巻!!  
限界ＯＬさんは悪役令嬢さまに仕えたい ,,['ネコ太郎'],第 2 巻 (全 2 巻) ,2023-09-27,秋田書店 ,,,,http://yurinavi.com/2023/07/07/akutsuka-2/,Kindle版,,"['4.9', '428']",,やりがいキュンが止まらない！ 限界OL×悪役令嬢のキラキラ再就職(!?)物語!!　ラピス様を惨殺シナリオから救って、この職場を守る！…そう意気込み、ダイアナちゃんとグランくんの仲が深まらないようシナリオ変更に奮闘する名鳥さん。だが、上級生とダイアナちゃんの突発バトルをきっかけに、グランくんがダイアナちゃんに魔法の特訓をすることに…！？ これじゃ、２人の仲が深まっちゃう！？ でも、ダイアナちゃんが強くなって守りたい人は…？ 一方で、ラピス様の恐るべき計画を知ってしまった名鳥さんは…？  
星屑テレパス ,,['大熊らすこ'],第 4 巻 (全 4 巻) ,2023-09-27,芳文社 ,,,,http://yurinavi.com/2023/07/27/hoshikuzu-telepath-4/,Kindle版,,"['4.9', '87']",,TVアニメ2023年10月放送開始!!!記憶喪失の宇宙人・ユウ。彼女は自分の正体を知りたいと願う。それは自分のためではなく、隣にいる海果のために。宇宙を目指す少女たちの壮大で繊細な、新時代のきらら4コマ！  
ひよ＆びびっと！ ,,['ゆとりーぬ'],第 1 巻 (全 1 巻) ,2023-09-27,芳文社 ,,,,http://yurinavi.com/2023/08/23/hiyo-bibitto-1/,Kindle版,,"['4.9', '26']",,推しが転校してきてガンガン絡んでくる!?ファンサ受けすぎにより真顔少女、こわれる。憧れの美少女ウーチューバ―・あやもりんとの高校生活が突如スタートし、上手く笑えない無表情JK・ひよはファン感情が爆発中。サイキョーに尊くてゼツミョーに笑えるJKたちの日常、第1巻!  
世界で一番おっぱいが好き！ ,,['昆布わかめ'],第 8 巻 (全 8 巻) ,2023-09-27,KADOKAWA ,,,,http://yurinavi.com/2023/08/22/sekaopa-8/,Kindle版,,"['4.8', '218']",,おっぱい大好きイケメン女子×美乳ツンデレ女子の百合コメディ、最終巻！！おっぱい大好きイケメン女子×美乳ツンデレ女子の百合コメディ、最終巻！！巷で噂のイケメン女子・千秋が好きなもの。それは…おっぱいです。 「今日も最高のおっぱいだね！」「今日も最低の挨拶だな」 ちょっぴりおバカな百合コメディ！  
あなたが私を照らすから。 ,,['むく'],第 3 巻 (全 3 巻) ,2023-09-27,KADOKAWA ,,,,http://yurinavi.com/2023/08/22/anatagawatashiwo-3/,Kindle版,,"['4.7', '27']",,告白から始まるカップリング百合コメディ！告白から始まるカップリング百合コメディ！同棲寮へ引っ越しをした暁恵と結稀。ふたりでの新生活に胸を高鳴らせる暁恵だったが、中間テストのことを忘れていて!? 怜里と丹の仲が深まる林間学校編も収録した第3巻!!  
ガヴリールドロップアウト ,,['うかみ'],第 14 巻 (全 14 巻) ,2023-09-27,KADOKAWA ,,,,http://yurinavi.com/2023/08/23/gabdro-14/,Kindle版,,"['4.8', '148']",,天真先輩、可愛すぎますニャ～ン!!毎度おなじみ魔界通販でサターニャが買ったのは、食べたら動物に変身する『食べてね動物クッキー』。当然のようにガヴリールに食べさせようとするサターニャだが、バレてしまって計画は失敗に終わる……はずだった！ クッキーはタプリスに没収され、その結果ガヴリールの口の中に………あれ、先輩？ 頭に猫耳が、お尻から可愛い尻尾が!!　シリーズ累計100万部突破の駄天使スクールコメディ第14巻!!  
あめとむち ,,['あいそえる'],第 1 巻 (全 1 巻) ,2023-10-05,少年画報社 ,,,,http://yurinavi.com/2023/09/14/ameto-muchi-1/,Kindle版,,"['4.7', '117']",,パパ活をしていためありはいつも通りパパと会うつもりが、やって来たのは人妻だった!?下心ある男とは違い、友達のようなデートで高額なお金やコスメをくれる人妻エスにどんどん甘えていくが…!?女同士の背徳エロス！  
  キャンディ ふたりの約束 ,,['時一二'],,2023-09-29,KADOKAWA ,,,,http://yurinavi.com/2023/09/05/candy-futarinoyakusoku/,Kindle版,,"['5.0', '8']",,きみの病気が治ったら、きみのやりたいことを一緒にやろう永いこと病院をさまよっている幽霊の少女。彼女がキャンディを盗み食いしようとしたとき目が見えないはずの筱筱（シャオシャオ）に声をかけられる。今まで誰からも気づかれない存在だった彼女は、その少女のことが気になり、病室へと忍び込む。「僕に話しかけるなんて、僕が幽霊だったらどうするの？」「だとしても、いい幽霊に決まってるわ」交流を重ね、徐々に仲良くなるふたりだったが、ある日、筱筱（シャオシャオ）の命に係る事件が起きてしまい…。孤独な少女ふたりの糖果（キャンディ）のような甘く切ない物語。中国の人気漫画スタジオ幕星社の時一二（シーイーアー）による百合作品を完全翻訳。  
推しＶが教え子で私がママで！？ ,,['晩野'],第 3 巻 (全 3 巻) ,2023-08-01,芳文社 ,,,,http://yurinavi.com/2023/06/23/oshiv-3/,Kindle版,,"['4.8', '117']",,【電子限定描き下ろしイラスト付き】VTuberの「つぼみ」として活動するミミと「つぼみ」推しで絵師の佳月は佳月が教育実習でミミの高校にきたことをきっかけにオフラインでも交流するように。そんな中、実はミミが以前から佳月のことを知っていたことが発覚し…？推しが教え子で憧れの絵描きが先生で…その先は！？最前線インターネット百合ラブコメ、完結の第3巻！  
猫娘症候群(かとるすしんどろーむ)【GANMA!版】 ,,['ネコ太郎'],第 8 巻 (全 8 巻) ,2023-08-01,GANMA! ,,,,http://yurinavi.com/2023/07/30/katorusu-ganma-8/,Kindle版,,"['5.0', '54']",,猫娘症候群（カトルスシンドローム）とは、主に０～12歳の少女が突然『猫娘化』する原因不明の病。現代医学で解明できている事は二つ。一つは『可愛い』。もう一つは…『女のコにドキドキする』ということ。（著者名：ネコ太郎/初出：GANMA!83～100話掲載分）  
派遣とバリキャリ ,,['sheepD'],第 4 巻 (全 4 巻) ,2023-08-04,大洋図書 ,,,,http://yurinavi.com/2023/07/18/hakento-barikyari-3/,Kindle版,,"['4.7', '148']",,結婚を諦めた「バリキャリ」は目覚めの悪い夢を見るお年頃(38)。新人の「派遣」は相変わらず可愛いくて、若くて(21)、いつもと変わらない日常を装っていたつもりだったけど…。こんな展開、想定外…。  
突然何となく隣の席の同僚と… ,,"['三浦コズミ', 'NANOKA']",第 5 巻 (全 5 巻) ,2023-08-04,ブリック出版 ,,,,http://yurinavi.com/2023/07/31/totsuzen-nantonaku-4-2/,Kindle版,,"['5.0', '108']",,同棲計画を進めるも、なかなかうまく進まない友香と真美。だって二人でいるとすぐイチャついてしまうから♡本編合間の日常短編を詰め込んだ、『隣席同僚』シリーズ番外編！※本作は三浦コズミの個人誌作品の電子書籍版となります。【34ページ】  
別冊コミックアンリアル わからせ百合編 デジタル版Vol.1,,,,8/4/23,,,,,http://yurinavi.com/2023/08/21/wakaraseyuri-1/,,,,,
おかしなエルフと女子高生 ,,['東３８５'],Volume 2 of 2 ,2023-08-07,竹書房 ,,,,http://yurinavi.com/2023/05/25/okashina-elf-2/,Kindle版 (Convert),,"['4.9', '59']",,アウインの森でお菓子屋を営むエルフのアリス。ある日ふとしたことから現代日本へと転移してしまい、菓子職人を目指すJK・藍咲るりと出会う。るりから異世界の食材を活かしたお菓子のレシピを教わって、借金完済を目指すが・・・！？新食感スイーツ・ファンタジー、待望の第2巻！★単行本カバー下画像収録★共通の描き下ろし特典ペーパー及び初期設定画2ページを収録しております！    
Do It Yourself!! -どぅー・いっと・ゆあせるふ- ,,"['IMAGO/エイベックス･ピクチャーズ', 'こゆびた べる']",第 3 巻 (全 3 巻) ,2023-08-07,スクウェア・エニックス ,,,,http://yurinavi.com/2023/07/07/do-it-yourself-3/,Kindle版,,"['4.9', '54']",,廃部寸前のDIY部に入部した高校一年生の”せるふ”。 その幼馴染の”ぷりん”は、”せるふ”からDIY部に入部しないかと誘いを受けるのだが、いまだ素直になれず、その誘いを断ってしまう。一方、天才留学生”ジョブ子”とぷりんの同級生”しー”を新たな仲間に加え、DIY部のシンボル「ツリーハウス」作りに着手する一同。順調に見えたその道のりにもある問題が発生して――。これは家具や友情、ひいては人生までも、考え、工夫し、苦労し、失敗し、それでも諦めずに自分の手で完成させ、未来を切り開いていこうとする少女たちの、その最初の一歩を描く物語である。  
魔王城デート大作戦！ ,,['涼海来夏'],第 1 巻 (全 1 巻) ,2023-08-08,キルタイムコミュニケーション ,,,,http://yurinavi.com/2023/07/05/maoujyo-dating-1/,Kindle版,,"['4.7', '64']",,捕らわれの姫とキュートな魔王が禁断イチャラブデート！種族を超えた恋の行く末は！？魔王ディアナの支配するブロスフェル城に捕らわれたリスリア国の姫ククル。あわや命の危機…と思いきや、対面したディアナからプロポーズされてしまう。困惑するククルだが、隙をみて城から逃げ出すため、ディアナに魔王城でのデートを提案することに──。人間の姫と魔王の少女が織り成す百合ラブコメディ！  
LatteComi コミックアンソロジー【百合】 ,,['LatteComi'],第 2 巻 (全 2 巻) ,2023-08-08,ブシロードワークス ,,,,http://yurinavi.com/2023/08/21/jyoshikounooujisamaha-1/,Kindle版,,"['5.0', '38']",,私が通う学園には、いわゆる「女子校の王子様」がいる。容姿端麗でなんでもできちゃう、みんなに好かれる王子様。でもなぜか、その王子様は私にしか興味がないようで――!? キラキラ系、運動部系、隠れオタク系など、いろんな王子様との短編ラブコメがつまった百合コミックアンソロジー。  
花唄メモワール ,,['一ノ瀬けい'],第 1 巻 (全 2 巻) ,2023-08-09,芳文社 ,,,,http://yurinavi.com/2023/07/08/hanauta-1/,Kindle版,,"['4.8', '64']",,高校最後の夏休み、ひいばあちゃんが営む旅館「花瀧屋」の手伝いにやってきた佐々木梅。到着したその夜、梅は露天風呂で滑って、湯船に落ちてしまう。引っ張り上げてくれたのは…〝ねえさま〟と呼んでくる不思議な少女・藤野だった。いつもと変わらない花瀧屋。だけど、炭を使った見知らぬ暖房器具があったり、そもそも季節が夏から冬になっていたり。これって、もしかして…〝タイムスリップ〟？時代を越え、少女たちの一途な思いが交差する青春冒険譚、第1巻。  
スローループ ,,['うちのまいこ'],第 8 巻 (全 8 巻) ,2023-08-09,芳文社 ,,,,http://yurinavi.com/2023/07/08/slow-loop-8/,Kindle版,,"['4.8', '341']",,両親の再婚で「姉妹」になった小春とひより。夜のリレー釣りを楽しんだり、沖縄修学旅行でのマグロ釣り計画を立てたりと2年目の釣りライフも絶好調！一方釣りを通して友達となった二葉・藍子達も6年生になり、進路や将来について悩むお年頃で…？釣り糸で繋がるガールズストーリー第8巻！  
ぱちん娘。 ,,['若林稔弥'],第 4 巻 (全 5 巻) ,2023-08-09,講談社 ,,,,http://yurinavi.com/2023/07/21/pachinko-4/,Kindle版,,"['4.8', '147']",,"お金がなければパチンコを打てばいい！？『幸せカナコの殺し屋生活』の若林稔弥最新作は""ダメかわいい""ぱちん娘たち！  "
明日もまた勇者のとなり ,,['梶井 スパナ'],第 1 巻 (全 1 巻) ,2023-08-10,KADOKAWA ,,,,http://yurinavi.com/2023/07/07/asumomata-1/,Kindle版,,"['4.9', '48']",,二人の前世は魔王と勇者、そして現世で恋に落ちる――隣の席の百宮奏が気になって仕方がない黒瀬真緒。その気持ちに整理がつかないままに知ったのは、魔王である自分が勇者を殺した記憶。そして勇者は百宮と同じ顔で――。切なさが時を超えるGLストーリーが登場！  
私、能力は平均値でって言ったよね！（コミック） ,,"['ＦＵＮＡ', '亜方 逸樹', 'iimAn(Friendly Land）', '桜井竜矢']",第 4 巻 (全 4 巻) ,2023-08-10,スクウェア・エニックス ,,,,http://yurinavi.com/2023/07/21/heikinchi-comic-4/,Kindle版,,"['4.7', '110']",,Cランクパーティーとして依頼をこなすマイル達「赤き誓い」は、上を目指すためにはプロハンターとしての覚悟が足りないのではという課題に直面する。このままでは油断が原因で、メンバーの誰かが怪我をしてしまうと思ったレーナは、あえて自分達よりも強い敵に挑むことで、ハンターとして気を引き締め直そうと提案する。レーナの提案はもっともであり、「赤き誓い」は強敵が出現するという岩山の依頼を受けることに。しかし、レーナの様子がいつもと少し違うことにマイルは疑問を抱いていた…。そんなマイル達を試すかのように、「赤き誓い」に次々と試練が降りかかる――!!  
サキュバス百合えっち Vol.1,,,,8/10/23,,,,,http://yurinavi.com/2023/08/29/succubus-yuri-1/,,,,,
恋と呼ぶには青すぎる ,,['真くん'],第 2 巻 (全 2 巻) ,2023-08-12,KADOKAWA ,,,,http://yurinavi.com/2023/07/07/koitoyobuniha-2/,Kindle版,,"['4.8', '90']",,熟れた気持ちに、あなたが触れる。男女4人で織り成す異色のガールズラブ！居酒屋に勤める京子と もっと仲良くなりたいみどりさんは、 距離を縮めようと名前で呼ぶように。 一方馬場も、都との交流で少しずつ思考がほぐれていく。それぞれが思い悩む中、4人で遊園地に行くことになり…？  
瑠璃の宝石 ,,['渋谷 圭一郎'],第 4 巻 (全 4 巻) ,2023-08-12,KADOKAWA ,,,,http://yurinavi.com/2023/07/31/rurino-houseki-4/,Kindle版,,"['4.7', '233']",,石が語る歴史に、耳をすまして。調査を重ね、サファイア産地の謎を解いたルリ。4巻では研究室のみんなと一緒にトパーズ採集の旅に出る。鍾乳洞や温泉旅館を訪れたルリたちは、旅先ならではの鉱物と出会う！地球が残した手がかりをもとに鉱物の居場所を解き明かす、本格ジュエルハントアドベンチャー！おなじみ描き下ろしコラムに加えて、おまけマンガも3篇収録です。  
魔法少女にあこがれて ,,['小野中彰大'],第 10 巻 (全 10 巻) ,2023-08-17,竹書房 ,,,,http://yurinavi.com/2023/05/21/mahoako-10/,Kindle版,,"['4.9', '599']",,★☆2024年TVアニメ放送決定！！！☆★ベーゼによって暴かれるイミタシオの正体・・・。一切認めようとしないイミタシオのお尻に、真化を会得したベーゼの魔の手が迫る！そして、追い討ちをかけるように捕らえたベルゼルガの公開処刑を宣言するエノルミータ。果たしてイミタシオはベルゼルガを救うことができるのか！？がんばれ魔法少女！負けるなシオちゃんズ！サディスティックマジカルコメディ光堕の第10巻！！★単行本カバー下画像収録★ 電子版は連載時のカラーを収録しております！  
舞ちゃんのお姉さん飼育ごはん。 ,,['秋津貴央'],第 4 巻 (全 4 巻) ,2023-08-17,竹書房 ,,,,http://yurinavi.com/2023/05/25/maichan-4/,Kindle版,,"['5.0', '220']",,オカンみあふれる小学生×引きこもり女子高生のあったか二人ぼっち飯♪しかし、舞によるタマの飼育生活に不穏な影が忍び寄る・・・！！小学生でも作れるお料理レシピが目白押し！新潟を舞台としたバブみグルメコメディ、待望の第4巻！！★単行本カバー下画像収録★WEBコミックガンマぷらすで配信された番外編5ページを電子版のみに収録！  
お姉さんは女子小学生に興味があります。 ,,['柚木涼太'],第 10 巻 (全 10 巻) ,2023-08-17,竹書房 ,,,,http://yurinavi.com/2023/07/21/oneesanha-jyoshisyougakuseini-10/,Kindle版,,"['4.9', '103']",,ついに小恋の母親に最悪のタイミングでみのりのロリコン＆小恋とのガチ恋がバレちゃう！？高校教師と女子小学生の暴走おねロリコメディついに10巻突破！！★単行本カバー下画像収録★総扉と目次をカラーで収録しております！また、共通の描き下ろし特典ペーパーを収録しております！  
みなそこにて ,,['冬虫カイコ'],第 3 巻 (全 3 巻) ,2023-08-17,双葉社 ,,,,http://yurinavi.com/2023/07/08/minasokonite-3/,Kindle版,,"['4.8', '61']",,“人喰い人魚”の古い民話が残る田舎町で、永遠の孤独を生きる存在“千年さん”。町が未曾有の大雨に襲われるなか、ついに露わになる人魚伝説の真相。そして初めて彼女と触れあった人間・令子と、その孫娘・一花による、種族と時を超えた交流の行く末は…。同じ世界では生きられない【孤独な人魚×少女たち】のミステリアス異類譚、ここに完結――。  
らぶ　あんど　ぴーす ,,"['原田重光', '蘇募ロウ']",第 2 巻 (全 2 巻) ,2023-08-17,講談社 ,,,,http://yurinavi.com/2023/07/31/love-and-2/,Kindle版,,"['4.7', '15']",,聖母から「厄災から世界を守る」ように語りかけられたが、戸惑いしかない！百合の波動を感じる男・幸田マモル。透明化能力を使い、エロハプニングを乗り越えカップルの絆を修復する学園の仲直し職人の今回のお相手はーー。「百合営業」本当は超険悪な人気百合YouTuberまゆあみ。「百合幽霊」死んだ恋人への後悔を抱き続ける写真部員。  
ぜんぶ壊して地獄で愛して ,,['くわばら たもつ'],第 1 巻 (全 1 巻) ,2023-08-18,一迅社 ,,,,http://yurinavi.com/2023/07/03/zenbukowashite-1/,Kindle版,,"['4.8', '185']",,吉沢来未は生徒会長も務める優等生だが、母の束縛などのストレスで破滅的な願望を募らせていた。ある日、教師の頼みで不登校気味なクラスメイト・直井と話をするが、上辺だけの言葉で話す吉沢を直井は蔑み、更には「ある動画」で脅してきた。その動画には、万引きをしようとする吉沢が映っていて…。逃げ場のない毎日でもがく少女たちの、バイオレンス青春ストーリー。  
  コミック百合姫 2023年10月号[雑誌] ,,"['めばち', 'くわばら たもつ', 'なもり', '岩見 樹代子', '雨水 汐', '竹嶋 えく', '青乃 下', 'いのり。', '花ヶ田', 'tsuke', '金子 ある', 'ゆあま', 'うたたね 游', 'シクシク', 'こるせ', '椋木 ななつ', 'かしわぎつきこ', '散葉 ちんみ', '日野 アラシ', 'はづき', '焼肉定食', 'ひあるろん＆達磨', '棘尾 どろしー', 'んみ', '樫風']",,2023-08-18,一迅社 ,,,,http://yurinavi.com/2023/08/16/yurihime-202310/,Kindle版,,"['4.8', '115']",,毎月発売！ 世界で唯一の百合専門誌10月号は、コミックス第1巻発売のくわばらたもつ先生「ぜんぶ壊して地獄で愛して」が巻頭カラー！ センターカラーはアニメ化決定★なもり先生「大室家」です！●表紙：めばち ●巻頭カラー：くわばらたもつ［ぜんぶ壊して地獄で愛して］●センターカラー：なもり［大室家］●連載作品：岩見樹代子［今日はカノジョがいないから］／雨水汐［女ともだちと結婚してみた。］／竹嶋えく［ささやくように恋を唄う］／漫画：青乃下　原作：いのり。　キャラクターデザイン原案：花ヶ田［私の推しは悪役令嬢。］／漫画：tsuke　原作：いのり。　キャラクターデザイン原案：花ヶ田［私の推しは悪役令嬢。メイドキッチン］／金子ある［平良深姉妹はどっちもヤんでる］／ゆあま［君と綴るうたかた］／うたたね游［踊り場にスカートが鳴る］／シクシク［この世で一番素敵な終わり方］／こるせ［伽藍の姫- がらんのひめ-］／椋木ななつ［私に天使が舞い降りた！］／かしわぎつきこ［陰キャギャルでもイキがりたい！］／なもり［ゆるゆり］／散葉ちんみ［嫌われ魔女令嬢と男装皇子の婚約］／日野アラシ［しかばね少女と愛が重い聖騎士の討伐学園ライフ］／はづき［おそとごはんをご一緒に］／焼肉定食［アンドロイドは経験人数に入りますか？？］／ひあるろん＆達磨［小春と湊］●読切：棘尾どろしー［エクストリームスーパーダーリン］／んみ［飲んでみる？］●特集：最新情報　アニメ［大室家］／BD 発売情報　TV アニメ［私の百合はお仕事です！］／最新情報　TV アニメ［ささやくように恋を唄う］／特集　Anime Expo 2023レポートinロサンゼルス［私の推しは悪役令嬢。］／最新情報　TV アニメ［私の推しは悪役令嬢。］／出張掲載　樫風［ひとことラブレター］／第29回 百合姫コミック大賞結果発表／第5回 百合文芸小説コンテスト結果発表●巻末コラム：［オフレコ×ガールズトーク「藤城リエ」］／［たまごひめの百合沼ダイアリー］／［ドイツのBL女子が百合に出会って女王と呼ばれるようになった話］／［デザインのゆりひめ］／［こじらせろ！百合妄想］※電子版「コミック百合姫」内に掲載されている広告・情報・価格は紙版で発行した当時のものとなります。電子版には付録は含まれておりません。プレゼント・アンケート等は締め切りが過ぎているものや受付対象外のものもございますので、何卒ご了承ください。  
きみと観たいレースがある ,,"['渡辺零', '駿馬京', 'くわばらたもつ']",第 2 巻 (全 2 巻) ,2023-08-18,集英社 ,,,,http://yurinavi.com/2023/07/05/kimitomitai-2/,Kindle版,,"['4.9', '51']",,「競馬（好き）」を分かち合える喜び。知ることができたのは、きみと出会えたから――。　「競馬」がきっかけでルームシェアを始めた女子大生の愛と恵那。初めての喧嘩を経て、二人はお互いが大切な存在であることを再確認する。競馬サークルの新入部員ギャルを連れ、東京競馬場を訪れたり、名馬の引退と先輩の卒業宣言といった出来事が起こる中、衝突を乗り越えた愛と恵那の関係にも変化が訪れ……!?　競馬の魅力がたっぷり詰まった、競馬×同棲ガールズライフ第2巻!!!  
笑顔のたえない職場です。 ,,['くずしろ'],第 8 巻 (全 8 巻) ,2023-08-18,講談社 ,,,,http://yurinavi.com/2023/07/18/egaono-taenai-8/,Kindle版,,"['4.9', '317']",,最強の福利厚生って「人」だなって。漫画業界が舞台のガールズコメディ！愛すべきキャラクター同士の関係性がますます楽しい第8巻！単行本描きおろしの特別編も収録です！双見先生と梨田さんと師匠の滝沢先生の新刊が同日発売決定!!!編集部の計らいで3人でクロストークをすることになったのが弟子2人には、ありがたい…より荷が重い状況です!!メッセージの誤爆から担当の佐藤さんの部屋を双見先生が訪問する事態にも…！？  
雨夜の月 ,,['くずしろ'],第 5 巻 (全 5 巻) ,2023-08-18,講談社 ,,,,http://yurinavi.com/2023/07/18/amayono-tsuki-5/,Kindle版,,"['4.9', '281']",,20以上の国で続々刊行！世界中に広がっていく、2人の少女の目には見えないけど、確かに在るもの。音が聴こえなくても指揮者ならできると、ピアノ伴奏の咲希と夏休み明けの発表に向けて合唱の指揮の練習をする奏音は、耳が不自由になってから嫌いになっていた夏を満喫している自分に気づく。咲希と過ごす日々が自分を前向きに変えてくれていることを感じた奏音は、思いもよらない場所で自分を敵視していたクラスメイトの富田と出会うが、彼女の抱える悩みに寄り添おうとする。  
タダでは抱かれません ,,['檜原フキ'],第 6 巻 (全 7 巻) ,2023-08-18,講談社 ,,,,http://yurinavi.com/2023/07/18/tadadeha-6/,Kindle版,,"['4.7', '129']",,星野さんとの勝負に勝ち、ついに中野さんと再会した都子。彼女が失踪した本当の理由は!?そして、新展開！1週間10万円でインターンに行くことになった都子だが、上司の藤堂さんから頼まれた仕事は「エログッズの使用レビュー」で‥‥!?  
双子姉妹ちゃんの百合生活【電子単行本】 ,,['LIN'],第 1 巻 (全 2 巻) ,2023-08-19,渋谷六花舎 ,,,,http://yurinavi.com/2023/08/17/futagoshimaichanno-1/,Kindle版,,"['4.0', '2']",,★1話まるごと立ち読み付き！ ★「どうしてもっていうなら…いいよ…」双子の姉妹モモとアオは両親の離婚で離れて暮らしていた。モモは10年ぶりに再会した妹アオの大きく成長したおっぱいに興味津々で寝ている間に揉んでみることに…アオは飛び起きて制止するもまんざらでもない様子！ふたりのイチャイチャはだんだんとエスカレートしていって…。〈収録内容〉・双子姉妹ちゃんの百合生活〈1話～5話〉さらに【電子単行本版特典】として、・描き下ろし漫画21ページ・各話表紙5点も収録！ここでしか読むことのできない作品を、ぜひご覧あれ。【※本作品は、「双子姉妹ちゃんの百合生活」話売り作品の電子単行本版です。重複購入にご注意ください。】  
はなものがたり ,,['schwinn'],第 3 巻 (全 3 巻) ,2023-08-22,KADOKAWA ,,,,http://yurinavi.com/2023/07/06/hanamonogatari-3/,Kindle版,,"['4.9', '196']",,美容に目覚めたおばあちゃん、 自分の人生、本気で生きます!!長年連れ添った夫を亡くした、はな代。 独り身で化粧品専門店を営む芳子。 まったく違う人生を歩んできた芳子と出会ったことで、 今まで諦めてきた自分の好きなことのために、勇気を出したはな代は……。美容に目覚めたおばあちゃん、 自分の人生、本気で生きます!!  
結婚したい竜宮さんは上陸しました ,,['朱子すず'],第 1 巻 (全 1 巻) ,2023-08-22,KADOKAWA ,,,,http://yurinavi.com/2023/07/31/kekkonnshitai-tatsunomiyasan-1/,Kindle版,,"['4.9', '27']",,イケメンJD丹生さんと竜宮城の乙姫さまの常識違えどラブゆり半同棲♪助けた亀に連れられて竜宮城にやって来たイケメンＪＤの丹生さんに恋をした乙姫様。丹生さんを追いかけて上陸した乙姫さまの一途な想いは丹生さんにも突き刺さる！　この大好きの前に常識の違いなんか問題なし！  
  志乃と恋 (MFC) ,,['千種 みのり'],,2023-08-23,KADOKAWA ,,,,http://yurinavi.com/2023/07/06/shinoto-ren/,Kindle版,,"['4.8', '279']",,「我慢……でき…ないよ」「こいつ私のなんだけど」おっとり穏やかな志乃（シノ）と、ボーイッシュで活発な恋（レン）は恋人同士。学校で、おうちで、旅先で過ごす、ちょっとエッチで、あまあまな時間はふたりだけのもの。透明感あふれるフルカラーイラストに、100ページを超える２色漫画の描き下ろしを収録して、SNSで話題の、百合ップル・志乃ちゃん×恋ちゃんのイチャラブストーリーが、ついに書籍化!!!  
処刑少女の生きる道 ,,"['佐藤真登（ＧＡ文庫／ＳＢクリエイティブ刊）', '三ツ谷亮', 'ニリツ']",第 6 巻 (全 6 巻) ,2023-08-25,スクウェア・エニックス ,,,,http://yurinavi.com/2023/07/05/syokeisyoujyo-comic-6/,Kindle版,,"['4.5', '21']",,四大人災（ヒューマンエラー）≪万魔殿（パンデモニウム）≫との死闘に辛くも勝利したメノウたち。消滅する間際、≪万魔殿（パンデモニウム）≫から投げかけられたその言葉は、各々の胸中に一抹の不安を刻みつつも、アカリを殺すため、≪塩の剣≫を目指し、さらなる旅路へと歩み出す。その道中、メノウの修道院時代の同僚サハラと合流した一行は、違法行為を繰り返す武装集団≪鉄鎖≫の討伐へと協力するためひとまずバラル砂漠のオアシスへと向かい、対策を練るのだが――。GA文庫大賞《大賞》受賞の大人気作、陰謀詭計渦巻くコミカライズ第６巻。  
