title,authors,released,publisher,label,serialization,volume,vol error,entry link,img src
推しVが教え子で私がママで!? (3),晩野,2023-08-01,芳文社,FUZ,,3,,http://yurinavi.com/2023/06/23/oshiv-3/,http://yurinavi.com/wp-content/uploads/2023/06/oshiv-3.jpg
猫娘症候群 (8),ネコ太郎,2023-08-01,GANMA,,,8,,http://yurinavi.com/2023/07/30/katorusu-ganma-8/,http://yurinavi.com/wp-content/uploads/2023/07/katorusu-ganma-8.jpg
派遣とバリキャリ (3),sheepD,2023-08-04,大洋図書,LiLy Love,,3,,http://yurinavi.com/2023/07/18/hakento-barikyari-3/,http://yurinavi.com/wp-content/uploads/2023/07/hakento-barikyari-3.jpg
突然何となく隣の席の同僚とキスしたくなりました。(2.5),三浦コズミ,2023-08-04,ブリック,BLIC-GL,,5,,http://yurinavi.com/2023/07/31/totsuzen-nantonaku-4-2/,http://yurinavi.com/wp-content/uploads/2023/07/totsuzen-nantonaku-4-2.jpg
別冊コミックアンリアル わからせ百合編 デジタル版Vol.1,アンソロジー,2023-08-04,ｷﾙﾀｲﾑ,ｱﾝﾘｱﾙ,,1,,http://yurinavi.com/2023/08/21/wakaraseyuri-1/,http://yurinavi.com/wp-content/uploads/2023/08/wakaraseyuri-1-kakushi.jpg
おかしなエルフと女子高生 (2),東385,2023-08-07,竹書房,バンブー,,2,,http://yurinavi.com/2023/05/25/okashina-elf-2/,http://yurinavi.com/wp-content/uploads/2023/05/okashina-elf-2.jpg
Do It Yourself!! -どぅー・いっと・ゆあせるふ- (3),こゆびた べる,2023-08-07,スクエニ,ガンガン,,3,,http://yurinavi.com/2023/07/07/do-it-yourself-3/,http://yurinavi.com/wp-content/uploads/2023/08/do-it-yourself-3.jpg
魔王城デート大作戦！(1),涼海来夏,2023-08-08,ｷﾙﾀｲﾑ,ｳﾞｧﾙｷﾘｰ,,1,,http://yurinavi.com/2023/07/05/maoujyo-dating-1/,http://yurinavi.com/wp-content/uploads/2023/07/maoujyo-dating-1.jpg
女子校の王子様は私しか眼中にないらしい 百合アンソロジーコミック①,アンソロジー,2023-08-08,ﾌﾞｼﾛｰﾄﾞ,Latte,,1,ERROR,http://yurinavi.com/2023/08/21/jyoshikounooujisamaha-1/,http://yurinavi.com/wp-content/uploads/2023/08/jyoshikounooujisamaha-1.png
花唄メモワール (1),一ノ瀬けい,2023-08-09,芳文社,きらら,,1,,http://yurinavi.com/2023/07/08/hanauta-1/,http://yurinavi.com/wp-content/uploads/2023/07/hanauta-1.jpg
スローループ (8),うちのまいこ,2023-08-09,芳文社,きらら,,8,,http://yurinavi.com/2023/07/08/slow-loop-8/,http://yurinavi.com/wp-content/uploads/2023/07/slow-loop-8.jpg
ぱちん娘。(4),若林 稔弥,2023-08-09,星海社,,,4,,http://yurinavi.com/2023/07/21/pachinko-4/,http://yurinavi.com/wp-content/uploads/2023/07/pachinko-4.jpg
明日もまた勇者のとなり (1),梶井 スパナ,2023-08-10,カドカワ,エース,,1,,http://yurinavi.com/2023/07/07/asumomata-1/,http://yurinavi.com/wp-content/uploads/2023/07/asumomata-1.jpg
私、能力は平均値でって言ったよね！(4),FUNA / 亜方 逸樹 / iimAn,2023-08-10,スクエニ,ガンガン,,4,,http://yurinavi.com/2023/07/21/heikinchi-comic-4/,http://yurinavi.com/wp-content/uploads/2023/07/heikinchi-comic-4.jpg
サキュバス百合えっち Vol.1,アンソロジー,2023-08-10,ｷﾙﾀｲﾑ,ｱﾝﾘｱﾙ,,1,,http://yurinavi.com/2023/08/29/succubus-yuri-1/,http://yurinavi.com/wp-content/uploads/2023/08/succubus-yuri-1-kakushi-1.jpg
恋と呼ぶには青すぎる (2),真くん,2023-08-12,カドカワ,it,,2,,http://yurinavi.com/2023/07/07/koitoyobuniha-2/,http://yurinavi.com/wp-content/uploads/2023/07/koitoyobuniha-2.jpg
瑠璃の宝石 (4),渋谷 圭一郎,2023-08-12,カドカワ,ハルタ,,4,,http://yurinavi.com/2023/07/31/rurino-houseki-4/,http://yurinavi.com/wp-content/uploads/2023/07/rurino-houseki-4.jpg
魔法少女にあこがれて (10),小野中彰大,2023-08-17,竹書房,バンブー,,10,,http://yurinavi.com/2023/05/21/mahoako-10/,http://yurinavi.com/wp-content/uploads/2023/05/mahoako-10.jpg
舞ちゃんのお姉さん飼育ごはん。(4),秋津貴央,2023-08-17,竹書房,バンブー,,4,,http://yurinavi.com/2023/05/25/maichan-4/,http://yurinavi.com/wp-content/uploads/2023/05/maichan-4.jpg
お姉さんは女子小学生に興味があります。(10),柚木涼太,2023-08-17,竹書房,バンブー,,10,,http://yurinavi.com/2023/07/21/oneesanha-jyoshisyougakuseini-10/,http://yurinavi.com/wp-content/uploads/2023/07/onesyo-10.jpg
みなそこにて (3),冬虫カイコ,2023-08-17,双葉社,ｱｸｼｮﾝ,,3,,http://yurinavi.com/2023/07/08/minasokonite-3/,http://yurinavi.com/wp-content/uploads/2023/07/minasokonite-3.jpg
らぶ あんど ぴーす (2),原田重光 / 蘇募ロウ,2023-08-17,講談社,マガジン,,2,,http://yurinavi.com/2023/07/31/love-and-2/,http://yurinavi.com/wp-content/uploads/2023/07/love-and-2.jpg
ぜんぶ壊して地獄で愛して (1),くわばら たもつ,2023-08-18,一迅社,百合姫,,1,,http://yurinavi.com/2023/07/03/zenbukowashite-1/,http://yurinavi.com/wp-content/uploads/2023/07/zenbukowashite-1.jpg
コミック百合姫2023年10月号,,2023-08-18,一迅社,,,0,,http://yurinavi.com/2023/08/16/yurihime-202310/,http://yurinavi.com/wp-content/uploads/2023/08/yurihime-202310.jpg
きみと観たいレースがある (2),くわばら たもつ / 渡辺零 / 駿馬京,2023-08-18,ホーム,,,2,,http://yurinavi.com/2023/07/05/kimitomitai-2/,http://yurinavi.com/wp-content/uploads/2023/07/kimitomitai-2.jpg
笑顔のたえない職場です。(8),くずしろ,2023-08-18,講談社,KC,,8,,http://yurinavi.com/2023/07/18/egaono-taenai-8/,http://yurinavi.com/wp-content/uploads/2023/07/egaono-taenai-7.jpg
雨夜の月 (5),くずしろ,2023-08-18,講談社,ヤンマガ,,5,,http://yurinavi.com/2023/07/18/amayono-tsuki-5/,http://yurinavi.com/wp-content/uploads/2023/07/amayonotsuki-5.jpg
タダでは抱かれません (6),檜原フキ,2023-08-18,講談社,ヤンマガ,,6,,http://yurinavi.com/2023/07/18/tadadeha-6/,http://yurinavi.com/wp-content/uploads/2023/07/tadadeha-6.jpg
双子姉妹ちゃんの百合生活,LIN,2023-08-19,渋谷六花,アシオナ,,1,ERROR,http://yurinavi.com/2023/08/17/futagoshimaichanno-1/,http://yurinavi.com/wp-content/uploads/2023/08/futagoshimaichanno-1.jpg
はなものがたり (3),schwinn,2023-08-22,カドカワ,ﾌﾗｯﾊﾟｰ,,3,,http://yurinavi.com/2023/07/06/hanamonogatari-3/,http://yurinavi.com/wp-content/uploads/2023/07/hanamonogatari-3.jpg
結婚したい竜宮さんは上陸しました (1),朱子すず,2023-08-22,カドカワ,あすか,,1,,http://yurinavi.com/2023/07/31/kekkonnshitai-tatsunomiyasan-1/,http://yurinavi.com/wp-content/uploads/2023/07/kekkonshitai-tatsunomiyasan-1.jpg
志乃と恋,千種 みのり,2023-08-23,カドカワ,MFC,,1,ERROR,http://yurinavi.com/2023/07/06/shinoto-ren/,http://yurinavi.com/wp-content/uploads/2023/07/shinoto-ren.jpg
処刑少女の生きる道 (6),佐藤真登 / 三ツ谷亮,2023-08-25,スクエニ,ガンガン,,6,,http://yurinavi.com/2023/07/05/syokeisyoujyo-comic-6/,http://yurinavi.com/wp-content/uploads/2023/07/syokeisyoujyo-comic-6.jpg
ばっどがーる (3),肉丸,2023-08-25,芳文社,きらら,,3,,http://yurinavi.com/2023/07/09/bad-girl-3/,http://yurinavi.com/wp-content/uploads/2023/07/bad-girl-3.jpg
ぼっち・ざ・ろっく！(6),はまじあき,2023-08-25,芳文社,きらら,,6,,http://yurinavi.com/2023/07/09/bocchi-the-6/,http://yurinavi.com/wp-content/uploads/2023/07/bocchi-the-6.jpg
ぼっち・ざ・ろっく！アンソロジーコミック (2),アンソロジー,2023-08-25,芳文社,きらら,,2,,http://yurinavi.com/2023/07/09/bocchi-the-ansoro-2/,http://yurinavi.com/wp-content/uploads/2023/07/bocchi-the-ansoro-2.jpg
またぞろ。(3),幌田,2023-08-25,芳文社,きらら,,3,,http://yurinavi.com/2023/07/09/matazoro-3/,http://yurinavi.com/wp-content/uploads/2023/07/matazoro-3.jpg
私を喰べたい、ひとでなし (7),苗川 采,2023-08-25,カドカワ,電撃,,7,,http://yurinavi.com/2023/07/19/watatabe-7/,http://yurinavi.com/wp-content/uploads/2023/07/watatabe-7.jpg
悪いが私は百合じゃない (5),もちオーレ,2023-08-25,カドカワ,電撃,,5,,http://yurinavi.com/2023/07/19/wagayuri-5/,http://yurinavi.com/wp-content/uploads/2023/07/wagayuri-5.jpg
どれが恋かがわからない (3),奥たまむし,2023-08-25,カドカワ,MFC,,3,,http://yurinavi.com/2023/07/19/doregakoikaga-3/,http://yurinavi.com/wp-content/uploads/2023/07/doregakoikaga-3.jpg
偽りのマリィゴールド (1),サスケ,2023-08-25,カドカワ,MFC,,1,,http://yurinavi.com/2023/07/21/itsuwarino-1/,http://yurinavi.com/wp-content/uploads/2023/07/itsuwarino-1.jpg
キャンディ (1),鈴木有布子,2023-08-25,ｿﾙﾏｰﾚ,ｿﾜﾚ,,1,,http://yurinavi.com/2023/08/21/candy-1/,http://yurinavi.com/wp-content/uploads/2023/08/candy-1.jpg
キャンディ (2),鈴木有布子,2023-08-25,ｿﾙﾏｰﾚ,ｿﾜﾚ,,2,,http://yurinavi.com/2023/08/21/candy-2/,http://yurinavi.com/wp-content/uploads/2023/08/candy-2.jpg
とくにある日々 (3),なか憲人,2023-08-29,ﾋｰﾛｰｽﾞ,わいるど,,3,,http://yurinavi.com/2023/08/01/tokuniaruhibi-3/,http://yurinavi.com/wp-content/uploads/2023/08/tokuniaruhibi-3.jpg
どっちにしろ、どつぼ (3),廣島ガウォ,2023-08-29,白泉社,アニマル,,3,,http://yurinavi.com/2023/08/29/docchinishiro-3/,http://yurinavi.com/wp-content/uploads/2023/08/docchinishiro-3.jpg
邪悪なモンスター『人間』を殺してレベルアップ！〜虐げられ全てを奪われた私は、ダンジョンになった学園で化物と戦う力を手に入れました。復讐も人助けもやりたい放題です〜,kiki / Enji,2023-08-29,MUGEN,,,1,ERROR,http://yurinavi.com/2023/08/29/zyaakuna-monster-1/,http://yurinavi.com/wp-content/uploads/2023/08/zyaakuna-monster-1.jpg
酒と鬼は二合まで 1~4【新装版】,羽柴実里 / zinbei,2023-08-30,小学館,やわスピ,,4,,http://yurinavi.com/2023/08/27/saketooni-1-shin/,http://yurinavi.com/wp-content/uploads/2023/08/saketooni-1-shin.jpg
「お前ごときが魔王に勝てると思うな」と勇者パーティを追放されたので、王都で気ままに暮らしたい THE COMIC (5),南方純 / kiki,2023-08-31,マイクロ,ライド,,5,,http://yurinavi.com/2023/07/06/omaegotokiga-comic-5/,http://yurinavi.com/wp-content/uploads/2023/07/omaegotokiga-comic-5.jpg
猫娘症候群 7,ネコ太郎,2023-07-01,GANMA!,,,7,,http://yurinavi.com/2023/07/01/katorusu-ganma-7/,http://yurinavi.com/wp-content/uploads/2023/07/katorusu-ganma-7.jpg
ペンションライフ・ヴァンパイア (1),田口囁一,2023-07-04,集英社,ジャンプ,,1,,http://yurinavi.com/2023/06/01/pension-life-1/,http://yurinavi.com/wp-content/uploads/2023/06/pension-life-1-1.jpg
声がだせない少女は「彼女が優しすぎる」と思っている (11),矢村いち,2023-07-06,秋田書店,ﾁｬﾝﾋﾟｵﾝ,,11,,http://yurinavi.com/2023/05/09/koekano-11/,http://yurinavi.com/wp-content/uploads/2023/05/koekano-11.jpg
もういっぽん！(24),村岡ユウ,2023-07-06,秋田書店,ﾁｬﾝﾋﾟｵﾝ,,24,,http://yurinavi.com/2023/05/10/mouippon-24/,http://yurinavi.com/wp-content/uploads/2023/05/mouippon-24.jpg
うちの師匠はしっぽがない (11),TNSK,2023-07-06,講談社,ｱﾌﾀﾇｰﾝ,,11,,http://yurinavi.com/2023/06/20/uchinoshisho-11/,http://yurinavi.com/wp-content/uploads/2023/06/uchino-shisyoha-11.jpg
私のアリカ (2),藤沢 もやし / 隈屑。,2023-07-06,講談社,ヤンマガ,,2,,http://yurinavi.com/2023/07/03/watashino-arika-2/,http://yurinavi.com/wp-content/uploads/2023/07/watashino-arika-2.jpg
ステラ☆レコード[電子版],しおや てるこ,2023-07-06,画報社,YK,,1,ERROR,http://yurinavi.com/2023/06/23/stella-record/,http://yurinavi.com/wp-content/uploads/2023/06/stella-record.jpg
ラストサマー・バケーション 下,東洋 トタン,2023-07-07,カドカワ,BRIDGE,,1,ERROR,http://yurinavi.com/2023/05/31/last-summer-2/,http://yurinavi.com/wp-content/uploads/2023/05/last-summer-2.jpg
天喰の国 再録集,こめら,2023-07-07,ブリック,BLIC-GL,,1,ERROR,http://yurinavi.com/2023/07/09/tengunokuni/,http://yurinavi.com/wp-content/uploads/2023/07/tengunokuni.png
突然何となく隣の席の同僚とキスしたくなりました。(2),三浦コズミ,2023-07-07,ブリック,BLIC-GL,,2,,http://yurinavi.com/2023/07/09/totsuzen-nantonaku-4/,http://yurinavi.com/wp-content/uploads/2023/07/totsuzen-nantonaku-4.png
もっと！ふたりエスケープ 1~3,田口 囁一,2023-07-07,ブリック,BLIC-GL,,3,,http://yurinavi.com/2023/07/09/futari-escape-motto/,http://yurinavi.com/wp-content/uploads/2023/07/futari-escape-motto-3.png
魔女ノ結婚 (3),studio HEADLINE,2023-07-10,カドカワ,エース,,3,,http://yurinavi.com/2023/05/25/majyono-kekkon-3/,http://yurinavi.com/wp-content/uploads/2023/05/majyonokekkon-3.jpg
少女たちの痕にくちづけを (3),春花 あや,2023-07-10,カドカワ,エース,,3,,http://yurinavi.com/2023/06/01/syoujyotachino-kizuatoni-3/,http://yurinavi.com/wp-content/uploads/2023/06/syoujyotachino-kizuatoni-3.jpg
ラーメン大好き小泉さん (11),鳴見なる,2023-07-11,竹書房,バンブー,,11,,http://yurinavi.com/2023/07/04/koizumisan-11/,http://yurinavi.com/wp-content/uploads/2023/07/koizumisan-11.jpg
カワセミさんの釣りごはん (8),匡乃下キヨマサ,2023-07-12,双葉社,ｱｸｼｮﾝ,,8,,http://yurinavi.com/2023/04/27/kawasemisan-8/,http://yurinavi.com/wp-content/uploads/2023/04/kawasemi-8.jpg
アネモネは熱を帯びる (5),桜木蓮,2023-07-12,芳文社,きらら,,5,,http://yurinavi.com/2023/05/08/anemone-5/,http://yurinavi.com/wp-content/uploads/2023/05/anemone-5.jpg
ちょっといっぱい！(10),火曜,2023-07-12,芳文社,きらら,,10,,http://yurinavi.com/2023/05/10/tyottoippai-10/,http://yurinavi.com/wp-content/uploads/2023/05/tyottoippai-10.jpg
異世界サウナへようこそ！～ルナちゃんはととのいたい～ (1),はづき,2023-07-12,芳文社,きらら,,1,,http://yurinavi.com/2023/07/05/isekaisauna-1/,http://yurinavi.com/wp-content/uploads/2023/07/isekaisauna-1.jpg
悪役令嬢が正ヒロインを口説き落とす話。(2),ふじい 葛西,2023-07-12,カドカワ,ビーム,,2,,http://yurinavi.com/2023/06/20/akuyakureijyoga-seihiroinwo-2/,http://yurinavi.com/wp-content/uploads/2023/06/akuyakureijyoga-seihiroinwo-2.jpg
スライム倒して300年、知らないうちにレベルMAXになってました (13),森田季節 / シバユウスケ,2023-07-12,スクエニ,ガンガン,,13,,http://yurinavi.com/2023/06/21/suraimutaoshite-comic-13/,http://yurinavi.com/wp-content/uploads/2023/06/suraimutaoshite-comic-13.jpg
女だから、とパーティを追放されたので伝説の魔女と最強タッグを組みました (4),蛙田あめこ / りりうら世都,2023-07-12,小学館,サンデー,,4,,http://yurinavi.com/2023/06/21/onnadakara-comic-4/,http://yurinavi.com/wp-content/uploads/2023/06/onnadakarato-comic-4.jpg
祈りの国のリリエール ～魔女の旅々 外伝～ (2),白石 定規 / ねりうめ,2023-07-13,SB,GA,,2,,http://yurinavi.com/2023/05/10/inorinokunino-comic-2/,http://yurinavi.com/wp-content/uploads/2023/05/inorinokunino-comic-2.jpg
スライム倒して300年、知らないうちにレベルMAXになってました (23),森田季節 / 紅緒,2023-07-13,SB,GA,,23,,http://yurinavi.com/2023/05/11/suraimutaoshite-23/,http://yurinavi.com/wp-content/uploads/2023/05/suraimutaoshite-23.jpg
女同士とかありえないでしょと言い張る女の子を、百日間で徹底的に落とす百合のお話 (7),みかみてれん / 緜,2023-07-13,SB,GA,,7,,http://yurinavi.com/2023/05/21/arioto-7/,http://yurinavi.com/wp-content/uploads/2023/05/arioto-7.jpg
ステラ☆レコード,しおや てるこ,2023-07-13,画報社,YK,,1,ERROR,http://yurinavi.com/2023/06/23/stella-record/,http://yurinavi.com/wp-content/uploads/2023/06/stella-record.jpg
OL Vtuberと推しJKちゃん (1),しのぎあさ,2023-07-14,竹書房,バンブー,,1,,http://yurinavi.com/2023/04/16/ol-vtuber-1/,http://yurinavi.com/wp-content/uploads/2023/07/ol-vtuber-1.jpg
晴れのちシンデレラ magical (5),宮成楽,2023-07-14,竹書房,バンブー,,5,,http://yurinavi.com/2023/04/21/harenoti-magical-5/,http://yurinavi.com/wp-content/uploads/2023/04/harenoti-magical-5.jpg
ささやくように恋を唄う (8),竹嶋 えく,2023-07-18,一迅社,百合姫,,8,,http://yurinavi.com/2023/05/19/sasakoi-8/,http://yurinavi.com/wp-content/uploads/2023/05/sasakoi-8.jpg
私に天使が舞い降りた！(13),椋木 ななつ,2023-07-18,一迅社,百合姫,,13,,http://yurinavi.com/2023/05/19/wataten-13/,http://yurinavi.com/wp-content/uploads/2023/05/wataten-13.jpg
遠山えま百合集 センセイとの時間。,遠山 えま,2023-07-18,一迅社,百合姫,,1,ERROR,http://yurinavi.com/2023/05/19/tooyamaema-yurisyu/,http://yurinavi.com/wp-content/uploads/2023/05/tooyamaema-yurisyu.jpg
小春と湊 わたしのパートナーは女の子,ひあるろん&達磨,2023-07-18,一迅社,百合姫,,1,ERROR,http://yurinavi.com/2023/05/19/koharutominato/,http://yurinavi.com/wp-content/uploads/2023/05/koharutominato.jpg
コミック百合姫2023年9月号,,2023-07-18,一迅社,,,9,,http://yurinavi.com/2023/07/13/yurihime-202309/,http://yurinavi.com/wp-content/uploads/2023/07/yurihime-202309.jpg
花は咲く、修羅の如く (5),むっしゅ / 武田 綾乃,2023-07-19,集英社,ﾔﾝｼﾞｬﾝ,,5,,http://yurinavi.com/2023/06/01/hanahasaku-5/,http://yurinavi.com/wp-content/uploads/2023/06/hanahasaku-5.jpeg
全部君のせいだ (2),merryhachi,2023-07-19,集英社,ﾔﾝｼﾞｬﾝ,,2,,http://yurinavi.com/2023/06/01/zenbukiminoseida-2/,http://yurinavi.com/wp-content/uploads/2023/06/zenbukiminoseida-2.jpg
シャドーハウス (14),ソウマトウ,2023-07-19,集英社,ﾔﾝｼﾞｬﾝ,,14,,http://yurinavi.com/2023/07/04/shadows-house-14/,http://yurinavi.com/wp-content/uploads/2023/07/shadows-house-14.jpg
宙-CHUU- (2),手原 和憲,2023-07-19,小学館,サンデー,,2,,http://yurinavi.com/2023/07/04/chuu-2/,http://yurinavi.com/wp-content/uploads/2023/07/CHUU-2.jpg
人喰い姫のカヴァリエーレ (1),麻貴早人,2023-07-20,コア,ゼノン,,1,,http://yurinavi.com/2023/05/21/hitoguihime-1/,http://yurinavi.com/wp-content/uploads/2023/05/hitoguihime-1.jpg
転生王女と天才令嬢の魔法革命 (7)【小説】,鴉ぴえろ / きさらぎ ゆり,2023-07-20,カドカワ,ﾌｧﾝﾀｼﾞｱ,,7,,http://yurinavi.com/2023/06/20/tenten-7/,http://yurinavi.com/wp-content/uploads/2023/06/tenten-7.jpg
転生王女と天才令嬢の魔法革命 ANIMATION 公式ファンブック,ファンタジア文庫編集部,2023-07-20,カドカワ,ﾌｧﾝﾀｼﾞｱ,,1,ERROR,http://yurinavi.com/2023/07/08/tenten-anime-fanbook/,http://yurinavi.com/wp-content/uploads/2023/07/tenten-anime-fanbook.jpg
賭ケグルイ 双 (14),河本ほむら / 斎木桂,2023-07-22,スクエニ,ガンガン,,14,,http://yurinavi.com/2023/07/04/kakegurui-twin-14/,http://yurinavi.com/wp-content/uploads/2023/07/kakegurui-twin-14.jpg
賭ケグルイ (17),河本ほむら / 尚村透,2023-07-22,スクエニ,ガンガン,,17,,http://yurinavi.com/2023/07/04/kakegurui-17/,http://yurinavi.com/wp-content/uploads/2023/07/kakegurui-17.jpg
賭ケグルイ (仮) (10),河本ほむら / 川村拓,2023-07-22,スクエニ,ガンガン,,10,,http://yurinavi.com/2023/07/04/kakegurui-kari-10/,http://yurinavi.com/wp-content/uploads/2023/07/kakegurui-kari-10.jpg
ふたりべや (10),雪子,2023-07-24,幻冬舎,バーズ,,10,,http://yurinavi.com/2023/05/20/futaribeya-10/,http://yurinavi.com/wp-content/uploads/2023/05/futaribeya-10.jpg
このはな綺譚 (15),天乃咲哉,2023-07-24,幻冬舎,バーズ,,15,,http://yurinavi.com/2023/05/20/konohanakitan-15/,http://yurinavi.com/wp-content/uploads/2023/07/konohana-15.jpg
〆切前には百合が捗る(3),平坂 読 / さきだ咲紀,2023-07-25,スクエニ,ガンガン,,3,,http://yurinavi.com/2023/05/25/shimekirimaeniha-comic-3/,http://yurinavi.com/wp-content/uploads/2023/05/shimekirimaeniha-yurigahakadoru-comic-3.jpg
咲-Saki- (24),小林立,2023-07-25,スクエニ,ガンガン,,24,,http://yurinavi.com/2023/06/29/saki-24/,http://yurinavi.com/wp-content/uploads/2023/06/saki-24.jpg
怜-Toki- (10),小林立 / めきめき,2023-07-25,スクエニ,ガンガン,,10,,http://yurinavi.com/2023/06/29/toki-10/,http://yurinavi.com/wp-content/uploads/2023/06/toki-10.jpg
シノハユ the dawn of age (16),小林立 / 五十嵐あぐり,2023-07-25,スクエニ,ガンガン,,16,,http://yurinavi.com/2023/06/29/shinohayu-16/,http://yurinavi.com/wp-content/uploads/2023/07/shinohayu-16.jpg
咲とファイナルファンタジーXIV (2),小林立 / 木吉紗,2023-07-25,スクエニ,ガンガン,,2,,http://yurinavi.com/2023/06/29/sakito-ff-2/,http://yurinavi.com/wp-content/uploads/2023/06/sakito-ff-2.jpg
パパのセクシードール (1),梶川 岳,2023-07-26,カドカワ,電撃,,1,,http://yurinavi.com/2023/06/21/papano-sexydoll-1/,http://yurinavi.com/wp-content/uploads/2023/06/papano-sexydoll-1.jpg
忍者と殺し屋のふたりぐらし (3),ハンバーガー,2023-07-26,カドカワ,電撃,,3,,http://yurinavi.com/2023/06/21/ninjyato-koroshiya-3/,http://yurinavi.com/wp-content/uploads/2023/06/ninjyato-koroshiya-3.jpg
スロウスタート (11),篤見唯子,2023-07-27,芳文社,,,11,,http://yurinavi.com/2023/05/09/slow-start-11/,http://yurinavi.com/wp-content/uploads/2023/05/surousuta-to-11.jpg
おちこぼれフルーツタルト (7),浜弓場双,2023-07-27,芳文社,,,7,,http://yurinavi.com/2023/05/09/ochihuru-7/,http://yurinavi.com/wp-content/uploads/2023/05/ochikobore-7.jpg
気をつけなよ、お姉さん。(4),サスケ,2023-07-27,一迅社,REX,,4,,http://yurinavi.com/2023/05/21/kiwotsukenayo-4/,http://yurinavi.com/wp-content/uploads/2023/05/kiwotsukenayo-4.jpg
ないしょのおふたりさま。(1),沼 ちよ子,2023-07-27,カドカワ,キューン,,1,,http://yurinavi.com/2023/06/23/naisyono-ofutarisama-1/,http://yurinavi.com/wp-content/uploads/2023/06/naisyono-ofutarisama-1.jpg
晴れ晴れ日和 (4),吉村佳,2023-07-27,カドカワ,キューン,,4,,http://yurinavi.com/2023/06/23/harebarebiyori-4/,http://yurinavi.com/wp-content/uploads/2023/06/harebarebiyori-4.jpg
ガールズドーン！(2),山本アヒル,2023-07-27,GOT,MeDu,,2,,http://yurinavi.com/2023/07/04/girlsdawn-2/,http://yurinavi.com/wp-content/uploads/2023/07/girlsdawn-2.jpg
隣の席が好きな人だった 学生百合アンソロジー,アンソロジー,2023-07-31,一迅社,百合姫,,1,ERROR,http://yurinavi.com/2023/05/20/tonarinosekiga-ansoro/,http://yurinavi.com/wp-content/uploads/2023/05/tonarinosekiga-ansoro.jpg
IDOL×IDOL STORY！(2),得能正太郎,2023-06-01,芳文社,FUZ,,2,,http://yurinavi.com/2023/04/06/idolxidol-story%ef%bc%812/,http://yurinavi.com/wp-content/uploads/2023/04/idol-idol-story-2.jpg
猫娘症候群 1~6【GANMA!版】,ネコ太郎,2023-06-01,GANMA,,,6,,http://yurinavi.com/2023/05/26/katorusu-ganma/,http://yurinavi.com/wp-content/uploads/2023/05/katorusu-ganma-1.jpg
くまクマ熊ベアー外伝~ユナのよりみち手帖~ (1),滝沢 リネン / くまなの,2023-06-02,主婦と,生活社,,1,,http://yurinavi.com/2023/04/28/kumabea-yuna-1/,http://yurinavi.com/wp-content/uploads/2023/04/kumabea-yuna-1.jpg
ハニーマスタード,やまもとまも,2023-06-02,大洋図書,LiLy Love,,1,ERROR,http://yurinavi.com/2023/05/20/honey-mustard/,http://yurinavi.com/wp-content/uploads/2023/05/honey-mustard.jpg
紅茶の魔女の優雅なる宮廷生活 チートをひた隠す最弱魔導師の窓際ライフ (2),蛙田アメコ / ヨリフジ,2023-06-07,ゼノン,,,2,,http://yurinavi.com/2023/04/13/koutyanomajyo-2/,http://yurinavi.com/wp-content/uploads/2023/04/koutyanomajyo-2.jpg
囿者は懼れず (2),松本トモキ / LOSA,2023-06-07,スクエニ,ガンガン,,2,,http://yurinavi.com/2023/05/06/yuoso-2/,http://yurinavi.com/wp-content/uploads/2023/05/yuoso-2.jpg
腹ペコ聖女とまんぷく魔女の異世界スローライフ！(3),蛙田アメコ / 冬野なべ,2023-06-08,秋田書店,ﾁｬﾝﾋﾟｵﾝ,,3,,http://yurinavi.com/2023/04/16/harapekoseijyo-comic-3/,http://yurinavi.com/wp-content/uploads/2023/04/harapekoseijyo-comic-3.jpg
最強の傭兵少女の学園生活 ―少女と少女、邂逅する― (3),トミイ大塚 / 笹 塔五郎,2023-06-08,ｷﾙﾀｲﾑ,ｳﾞｧﾙｷﾘｰ,,3,,http://yurinavi.com/2023/05/04/saikyouno-youheisyoujyo-comic-3/,http://yurinavi.com/wp-content/uploads/2023/05/saikyouno-youheisyoujyo-comic-3.jpg
同級生の推し作家に百合妄想がバレた結果 (4),紺色3号,2023-06-08,星海社,,,4,,http://yurinavi.com/2023/05/31/oshiyuri-4/,http://yurinavi.com/wp-content/uploads/2023/05/doukyuseino-oshisakkani-4.jpg
あーしとわたし。 ギャル×百合アンソロジー,アンソロジー,2023-06-09,カドカワ,,,1,ERROR,http://yurinavi.com/2023/04/14/a-shitowatashi-ansoro/,http://yurinavi.com/wp-content/uploads/2023/04/a-shitowatashi-ansoro.jpg
色んな女の子とキスをしていたら、百合キスに目覚めてしまいました…。(2),betock,2023-06-12,芳文社,きらら,,2,,http://yurinavi.com/2023/04/07/kissyuri-2/,http://yurinavi.com/wp-content/uploads/2023/04/kissyuri-2.jpg
琥珀の貴女,東河 みそ,2023-06-12,カドカワ,ビーム,,1,ERROR,http://yurinavi.com/2023/04/14/kohakuno/,http://yurinavi.com/wp-content/uploads/2023/04/kohakuno.jpg
セントールの悩み (24),村山慶,2023-06-13,徳間書店,リュウ,,24,,http://yurinavi.com/2023/04/18/centor-24/,http://yurinavi.com/wp-content/uploads/2023/04/centor-24.jpg
おとなになっても (9),志村 貴子,2023-06-13,講談社,Kiss,,9,,http://yurinavi.com/2023/05/31/otonaninattemo-9/,http://yurinavi.com/wp-content/uploads/2023/05/otonani-nattemo-9.jpg
ヴァンパイアハンターに優しいギャル (2),倉田 和算 / 林 けゐ,2023-06-14,SB,GA,,2,,http://yurinavi.com/2023/04/07/yasashiigyaru-2/,http://yurinavi.com/wp-content/uploads/2023/04/yasashiigyaru-2.jpg
祈りの国のリリエール (3),白石 定規 / あずーる,2023-06-14,SB,GA,,3,,http://yurinavi.com/2023/04/21/inorinokunino-3/,http://yurinavi.com/wp-content/uploads/2023/04/inorinokunino-3.jpg
タコと天使たち (1),KENTO OKAYAMA,2023-06-14,ｷﾙﾀｲﾑ,ｱﾝﾘｱﾙ,,1,,http://yurinavi.com/2023/05/09/takoto-tenshitachi-1/,http://yurinavi.com/wp-content/uploads/2023/05/takoto-tenshitachi-1.jpg
タコと天使たち (2),KENTO OKAYAMA,2023-06-14,ｷﾙﾀｲﾑ,ｱﾝﾘｱﾙ,,2,,http://yurinavi.com/2023/05/09/takoto-tenshitachi-2/,http://yurinavi.com/wp-content/uploads/2023/05/takoto-tenshitachi-2.jpg
SHWD≪シュード≫ (3),sono.N,2023-06-15,実業之,リュエル,,3,,http://yurinavi.com/2023/04/01/shwd-3/,http://yurinavi.com/wp-content/uploads/2023/04/shwd-3.jpg
姫のためなら死ねる (13),くずしろ,2023-06-15,竹書房,バンブー,,13,,http://yurinavi.com/2023/04/04/himenotamenara-13/,http://yurinavi.com/wp-content/uploads/2023/04/himeshine-13.jpg
ご主人様には吸わせません！(1),パデラポッロのりお,2023-06-15,竹書房,バンブー,,1,,http://yurinavi.com/2023/04/04/goshujinsamaniha-1/,http://yurinavi.com/wp-content/uploads/2023/06/goshujinsamaniha-1.jpg
推しが死んだのでタイムリープして生存ルート確保します！(2),鈴木 二三江,2023-06-15,講談社,マガジン,,2,,http://yurinavi.com/2023/04/26/oshigashindanode-2/,http://yurinavi.com/wp-content/uploads/2023/04/oshigashindanode-2.jpg
作りたい女と食べたい女 (4),ゆざき さかおみ,2023-06-15,カドカワ,it,,4,,http://yurinavi.com/2023/04/29/tsukuritaionnato-tabetaionna-4/,http://yurinavi.com/wp-content/uploads/2023/04/tsukuritaionnato-4.jpg
この恋を星には願わない (1),紫のあ,2023-06-15,カドカワ,it,,1,,http://yurinavi.com/2023/04/29/konokoiwo-1/,http://yurinavi.com/wp-content/uploads/2023/04/konokoiwo-1.jpg
猫のまにまに (2),宇島葉,2023-06-15,カドカワ,ハルタ,,2,,http://yurinavi.com/2023/05/04/nekonomanimani-2/,http://yurinavi.com/wp-content/uploads/2023/05/nekonomanimani-2.jpg
おそとごはんをご一緒に (1),はづき,2023-06-16,一迅社,百合姫,,1,,http://yurinavi.com/2023/04/18/osotogohanwo-1/,http://yurinavi.com/wp-content/uploads/2023/04/osotogohanwo-1.jpg
ユリビュート 百合姫読切作品集 (2),アンソロジー,2023-06-16,一迅社,百合姫,,2,,http://yurinavi.com/2023/06/14/yuribute-2/,http://yurinavi.com/wp-content/uploads/2023/06/yuribyu-to-2.jpg
コミック百合姫2023年8月号,,2023-06-16,一迅社,,,8,,http://yurinavi.com/2023/06/14/yurihime-202308/,http://yurinavi.com/wp-content/uploads/2023/06/yurihime-202308.jpg
ゆるふわと情熱のあいだ (2),袴田めら,2023-06-16,ぶんか社,主任,,2,,http://yurinavi.com/2023/05/08/yuruhuwato-2/,http://yurinavi.com/wp-content/uploads/2023/05/yuruhuwato-2.jpg
夜嵐にわらう (4),筒井いつき,2023-06-19,集英社,ジャンプ,,4,,http://yurinavi.com/2023/04/21/yoarashi-4/,http://yurinavi.com/wp-content/uploads/2023/04/yoarashi-4.jpg
she is beautiful (3),江坂純 / 凸ノ高秀,2023-06-19,集英社,ジャンプ,,3,,http://yurinavi.com/2023/05/04/she-is-beautiful-3/,http://yurinavi.com/wp-content/uploads/2023/05/she-is-beautiful-3.jpg
ヴァンピアーズ (9),アキリ,2023-06-19,小学館,サンデー,,9,,http://yurinavi.com/2023/05/04/vampires-9/,http://yurinavi.com/wp-content/uploads/2023/05/vampires-9.jpg
ガレキ！－造形乙女の放課後－(2),ヨゲンメ,2023-06-19,小学館,サンデー,,2,,http://yurinavi.com/2023/05/11/gareki-2/,http://yurinavi.com/wp-content/uploads/2023/05/gareki-2.jpg
上伊那ぼたん、酔へる姿は百合の花 (4),塀,2023-06-20,秋田書店,ﾁｬﾝﾋﾟｵﾝ,,4,,http://yurinavi.com/2023/04/05/kamiinabotan-4/,http://yurinavi.com/wp-content/uploads/2023/04/kamiinabotan-4.jpg
LaLaLa… ~彼女の好きなカノジョ~ (1),洋介犬,2023-06-20,秋田書店,ﾁｬﾝﾋﾟｵﾝ,,1,,http://yurinavi.com/2023/04/17/lalala-1/,http://yurinavi.com/wp-content/uploads/2023/04/lalala-1.jpg
お姉さまと巨人 お嬢さまが異世界転生 (3),Be-con,2023-06-20,カドカワ,青騎士,,3,,http://yurinavi.com/2023/05/03/oneesamato-kyojin-3/,http://yurinavi.com/wp-content/uploads/2023/05/oneesamato-kyojin-3.jpg
タダでは抱かれません (5),檜原 フキ,2023-06-20,講談社,ヤンマガ,,5,,http://yurinavi.com/2023/05/31/tadadeha-5/,http://yurinavi.com/wp-content/uploads/2023/05/tadadeha-5.jpg
ツインスター・サイクロン・ランナウェイ (3),小川 一水,2023-06-20,早川書房,,,3,,http://yurinavi.com/2023/04/14/twinstar-3/,http://yurinavi.com/wp-content/uploads/2023/04/twinstar-3.jpg
週に一度クラスメイトを買う話 (2) ~ふたりの時間、言い訳の五千円~,羽田 宇佐 / U35,2023-06-20,カドカワ,ﾌｧﾝﾀｼﾞｱ,,2,,http://yurinavi.com/2023/05/08/syuuniichido-2/,http://yurinavi.com/wp-content/uploads/2023/05/syuuniichido-2.jpg
対ありでした。~お嬢さまは格闘ゲームなんてしない~ (6),江島 絵理,2023-06-22,カドカワ,ﾌﾗｯﾊﾟｰ,,6,,http://yurinavi.com/2023/04/29/taiarideshita-6/,http://yurinavi.com/wp-content/uploads/2023/04/taiarideshita-6.jpg
入味 この娘と食卓を囲む日から (1),ZCloud / 伊実,2023-06-22,カドカワ,MFC,,1,,http://yurinavi.com/2023/05/03/ru-way-1/,http://yurinavi.com/wp-content/uploads/2023/05/ru-way-1.jpg
冷たくて柔らか (1),ウオズミ アミ,2023-06-23,集英社,ﾏｰｶﾞﾚｯﾄ,,1,,http://yurinavi.com/2023/05/06/tsumetakute-yawaraka-1/,http://yurinavi.com/wp-content/uploads/2023/05/tsumetakute-yawaraka-1.jpg
きたない君がいちばんかわいい 『そういえばそんなこと』,まにお,2023-06-23,一迅社,百合姫,,1,ERROR,http://yurinavi.com/2023/06/22/kitakawa-souieba/,http://yurinavi.com/wp-content/uploads/2023/06/kitanaikimiga-souieba.jpg
機動戦士ガンダム 水星の魔女 (2),高島 雄哉,2023-06-26,カドカワ,エース,,2,,http://yurinavi.com/2023/04/16/suiseinomajyo-syousetsu-2/,http://yurinavi.com/wp-content/uploads/2023/04/suiseinomajyo-syousetsu-2.jpg
百合いんふるえんさー ふたりのエッチな野外活動,あらおし悠 / 鈴音れな,2023-06-26,ｷﾙﾀｲﾑ,ドリーム,,1,ERROR,http://yurinavi.com/2023/04/20/yurihaishin/,http://yurinavi.com/wp-content/uploads/2023/04/yurihaishin.jpg
大親友 (6),大島永遠,2023-06-26,画報社,キング,,6,,http://yurinavi.com/2023/04/18/daishinyu-6/,http://yurinavi.com/wp-content/uploads/2023/04/daishinyu-6-1.jpg
ギャルとネクラの吸血関係 (1),カコベン,2023-06-27,芳文社,きらら,,1,,http://yurinavi.com/2023/04/17/gyarutonekura-1/,http://yurinavi.com/wp-content/uploads/2023/04/gyarutonekura-1.jpg
安達としまむら (5),入間人間 / 柚原 もけ,2023-06-27,カドカワ,電撃,,5,,http://yurinavi.com/2023/05/03/adashima-comic-5/,http://yurinavi.com/wp-content/uploads/2023/05/adashima-comic-5.jpg
シルフの花姫 (1),かめじろ,2023-06-27,カドカワ,電撃,,1,,http://yurinavi.com/2023/04/29/shirufu-1/,http://yurinavi.com/wp-content/uploads/2023/04/shirufu-1.jpg
感覚共有メイドさん！(1),森,2023-06-27,カドカワ,電撃,,1,,http://yurinavi.com/2023/05/03/kankakukyouyuu-1/,http://yurinavi.com/wp-content/uploads/2023/05/kankakukyouyuu-1.jpg
幽霊列車とこんぺい糖 新装版,木ノ歌 詠 / 椎名くろ,2023-06-28,星海社,,,1,ERROR,http://yurinavi.com/2023/04/18/yuureiressya/,http://yurinavi.com/wp-content/uploads/2023/04/yuureiressya-1.jpg
永世乙女の戦い方 (9),くずしろ,2023-06-29,小学館,ビッグ,,9,,http://yurinavi.com/2023/05/08/eiseiotome-9/,http://yurinavi.com/wp-content/uploads/2023/05/eiseiotome-9.jpg
ロックは淑女の嗜みでして (2),福田宏,2023-06-29,白泉社,アニマル,,2,,http://yurinavi.com/2023/05/10/rockha-ladyno-2/,http://yurinavi.com/wp-content/uploads/2023/05/rockha-ladyno-2.jpg
クズ浪人生、人生が辛いので夜のお姉さんを呼んでみた (4),こすずめ,2023-05-01,GANMA,,,4,,http://yurinavi.com/2023/04/25/kuzurouninsei-4/,http://yurinavi.com/wp-content/uploads/2022/11/kuzurouninsei-4.jpg
くま クマ 熊 ベアー (10),せるげい / くまなの,2023-05-02,生活社,PASH,,10,,http://yurinavi.com/2023/04/01/kumabea-comic-10/,http://yurinavi.com/wp-content/uploads/2023/04/kumabea-comic-10.jpg
私の可愛い子猫ちゃん (2),森永みるく,2023-05-05,ガレット,ワークス,,2,,http://yurinavi.com/2023/04/15/watashino-kawaii-koneko-2/,http://yurinavi.com/wp-content/uploads/2023/04/watashinokawaii-koneko-2.jpg
着物ちゃんとロリータちゃん (5),岡野く仔,2023-05-05,まんだら,LAZA,,5,,http://yurinavi.com/2023/04/20/kimonochan-5/,http://yurinavi.com/wp-content/uploads/2023/04/kimonochan-5.jpg
同人女の感情 (1),真田 つづる,2023-05-05,ブリック,BLIC,,1,,http://yurinavi.com/2023/05/09/doujinonnano-1/,http://yurinavi.com/wp-content/uploads/2023/05/doujinonnano-1.jpg
焦点深度,あいだ,2023-05-05,自主制作,,,1,ERROR,http://yurinavi.com/2023/04/27/syoutenshindo/,http://yurinavi.com/wp-content/uploads/2023/04/syoutenshindo.jpg
おかしなエルフと女子高生 (1),東385,2023-05-06,竹書房,バンブー,,1,,http://yurinavi.com/2023/04/14/okashina-elf-1/,http://yurinavi.com/wp-content/uploads/2023/04/okashina-elf-1.jpg
ガレット No.26,,2023-05-06,ガレット,ワークス,,6,,http://yurinavi.com/2023/04/15/galette-26/,http://yurinavi.com/wp-content/uploads/2023/04/galette-26.jpg
GALETTE ILLUSTRATION BOOK 03,,2023-05-06,ガレット,ワークス,,3,,http://yurinavi.com/2023/04/17/galette-illustration-book-03/,http://yurinavi.com/wp-content/uploads/2023/04/galette-illustration-book-03.jpg
ひなたのひより (2),毒田ペパ子,2023-05-08,ﾌﾞｼﾛｰﾄﾞ,,,2,,http://yurinavi.com/2023/03/23/hinatano-hiyori-2/,http://yurinavi.com/wp-content/uploads/2023/03/hinatanoyuri-2.jpg
D4DJ-The Prologue of Peaky P-key- (3),榊一郎 / 美月めいあ,2023-05-08,ﾌﾞｼﾛｰﾄﾞ,,,3,,http://yurinavi.com/2023/04/13/d4dj-3/,http://yurinavi.com/wp-content/uploads/2023/04/d4dj-3.jpg
新米錬金術師の店舗経営 (4),kirero / いつきみずほ,2023-05-08,ｷﾙﾀｲﾑ,ｳﾞｧﾙｷﾘｰ,,4,,http://yurinavi.com/2023/04/05/shinmairenkinjyutsushi-comic-4/,http://yurinavi.com/wp-content/uploads/2023/04/shinmairenkinjyutsushi-comic-4.jpg
剣士を目指して入学したのに魔法適性9999なんですけど!? (12),iimAn&惟丞 / 年中麦茶太郎,2023-05-09,カドカワ,ドラゴン,,12,,http://yurinavi.com/2023/04/04/kenshimezashite-comic-12/,http://yurinavi.com/wp-content/uploads/2023/04/kenshimezashite-comic-12.jpg
私がモテないのはどう考えてもお前らが悪い！(23),谷川ニコ,2023-05-11,スクエニ,ガンガン,,23,,http://yurinavi.com/2023/04/04/watamote-23/,http://yurinavi.com/wp-content/uploads/2023/04/watamote-23.jpg
魔法使いロゼの佐渡ライフ (1),おみなえし,2023-05-11,芳文社,きらら,,1,,http://yurinavi.com/2023/04/06/sadolife-1/,http://yurinavi.com/wp-content/uploads/2023/04/sadolife-1.jpg
邪神ちゃんドロップキック (21),ユキヲ,2023-05-12,ﾌﾚｯｸｽ,メテオ,,21,,http://yurinavi.com/2023/04/05/jyashinchan-21/,http://yurinavi.com/wp-content/uploads/2023/04/jyashinchan-21.jpg
ひなゆり冒険記 (2),大庭直仁,2023-05-12,徳間書店,リュウ,,2,,http://yurinavi.com/2023/04/05/hinayuri-2/,http://yurinavi.com/wp-content/uploads/2023/04/hinayuri-2.jpg
ひきこまり吸血姫の悶々 (11),小林湖底 / りいちゅ,2023-05-12,SB,GA文庫,,11,,http://yurinavi.com/2023/04/06/hikikomori-kyuketsuki-11/,http://yurinavi.com/wp-content/uploads/2023/04/hikikomori-kyuuketsuki-11.jpg
妹妹の夕ごはん 台湾料理と絶品茶、ときどきビール。,猫田パナ / mame,2023-05-15,カドカワ,富士見,,1,ERROR,http://yurinavi.com/2023/05/06/meimeino-yuugohan/,http://yurinavi.com/wp-content/uploads/2023/05/meimeino-yuugohan-1.jpg
終末惑星ふたり旅,蒼月海里 / 輝竜司,2023-05-16,星海社,,,1,ERROR,http://yurinavi.com/2023/05/06/syuumatsuwakusei-1/,http://yurinavi.com/wp-content/uploads/2023/05/syuumatsuwakusei-1.jpg
この世で一番素敵な終わり方 (1),シクシク,2023-05-17,一迅社,百合姫,,1,,http://yurinavi.com/2023/03/24/konoyodeichiban-1/,http://yurinavi.com/wp-content/uploads/2023/03/konoyodeichiban-1.jpg
私の推しは悪役令嬢。(6),青乃下&いのり。,2023-05-17,一迅社,百合姫,,6,,http://yurinavi.com/2023/03/24/wataoshi-comic-6/,http://yurinavi.com/wp-content/uploads/2023/03/wataoshi-comic-6.jpg
私の百合はお仕事です！(12),未幡,2023-05-17,一迅社,百合姫,,12,,http://yurinavi.com/2023/03/24/watayuri-12/,http://yurinavi.com/wp-content/uploads/2023/03/watayuri-12.jpg
私の百合はお仕事です！公式コミックアンソロジー,アンソロジー,2023-05-17,一迅社,百合姫,,1,ERROR,http://yurinavi.com/2023/03/24/watayuri-ansoro-1/,http://yurinavi.com/wp-content/uploads/2023/03/watayuri-ansoro.jpg
彩純ちゃんはレズ風俗に興味があります！(4),伊月 クロ,2023-05-17,一迅社,百合姫,,4,,http://yurinavi.com/2023/03/29/asumichan-4/,http://yurinavi.com/wp-content/uploads/2023/03/asumichan-4.jpeg
甘えさせて雛森さん！(3),tsuke,2023-05-17,一迅社,百合姫,,3,,http://yurinavi.com/2023/03/29/amaesasete-hinamorisan-3/,http://yurinavi.com/wp-content/uploads/2023/03/amaesasete-hinamorisan-3.jpg
平良深姉妹はどっちもヤんでる (1),金子ある,2023-05-17,一迅社,百合姫,,1,,http://yurinavi.com/2023/03/29/herami-1/,http://yurinavi.com/wp-content/uploads/2023/03/herami-1.jpg
狼の皮をかぶった羊姫 (5),ミト,2023-05-17,竹書房,バンブー,,5,,http://yurinavi.com/2023/03/30/ookaminokawawo-5/,http://yurinavi.com/wp-content/uploads/2023/03/ookaminokawawo-5.jpg
白き乙女の人狼 (2),アジイチ / 王月よう,2023-05-17,竹書房,バンブー,,2,,http://yurinavi.com/2023/03/30/shirokiotomeno-2/,http://yurinavi.com/wp-content/uploads/2023/03/shirokiotomeno-2.jpg
狛田さんを困らせたい (2),スズオ,2023-05-17,竹書房,バンブー,,2,,http://yurinavi.com/2023/03/30/komadasan-2/,http://yurinavi.com/wp-content/uploads/2023/03/komadasan-2.jpg
狛田さんを困らせたい (3),スズオ,2023-05-17,竹書房,バンブー,,3,,http://yurinavi.com/2023/03/30/komadasan-3/,http://yurinavi.com/wp-content/uploads/2023/03/komadasan-3.jpg
ぱちん娘。(3),若林 稔弥,2023-05-17,星海社,,,3,,http://yurinavi.com/2023/04/13/pachinko-3/,http://yurinavi.com/wp-content/uploads/2023/04/pachinko-3.jpg
スカベンジャーズアナザースカイ (1),古部亮,2023-05-18,秋田書店,ﾁｬﾝﾋﾟｵﾝ,,1,,http://yurinavi.com/2023/04/01/scavengers-1/,http://yurinavi.com/wp-content/uploads/2023/04/scavengers-1.jpg
白と黒~Black & White~ (3),Sal Jiang,2023-05-18,実業之,リュエル,,3,,http://yurinavi.com/2023/03/31/black-white-3/,http://yurinavi.com/wp-content/uploads/2023/03/shiroto-kuro-3-obi.jpg
コミック百合姫2023年7月号,,2023-05-18,一迅社,,,7,,http://yurinavi.com/2023/05/17/yurihime-202307/,http://yurinavi.com/wp-content/uploads/2023/05/yurihime-202307.jpg
デストロ016 (3),高橋 慶太郎,2023-05-19,小学館,サンデー,,3,,http://yurinavi.com/2023/03/31/desutoro016-3/,http://yurinavi.com/wp-content/uploads/2023/03/desutoro016-3.jpg
エリオと電気人形 (1),島崎無印 / 黒イ森,2023-05-19,集英社,ジャンプ,,1,,http://yurinavi.com/2023/04/13/erio-1/,http://yurinavi.com/wp-content/uploads/2023/04/erioto-1.jpg
3P百合えっちアンソロジー,アンソロジー,2023-05-19,ナンバー,ナイン,,1,ERROR,http://yurinavi.com/2023/05/14/3pyuri-ansoro/,http://yurinavi.com/wp-content/uploads/2023/05/3pyuri-ansoro.jpg
リコリス・リコイル (2),備前 やすのり,2023-05-23,カドカワ,ﾌﾗｯﾊﾟｰ,,2,,http://yurinavi.com/2023/04/01/lycoris-recoil-comic-2/,http://yurinavi.com/wp-content/uploads/2023/04/lycoris-recoil-comic-2.jpg
保健室はふたりきり (1),ろここ,2023-05-23,カドカワ,ﾌﾗｯﾊﾟｰ,,1,,http://yurinavi.com/2023/04/05/hokenshitsuha-hutarikiri-1/,http://yurinavi.com/wp-content/uploads/2023/04/hokenshitsuha-hutarikiri-1.jpg
契約しましょ おつかれさま女子、世話焼き悪魔と暮らす (2),橋本 ライドン,2023-05-23,カドカワ,MFC,,2,,http://yurinavi.com/2023/04/17/keiyakushimasyo-2/,http://yurinavi.com/wp-content/uploads/2023/04/keiyakushimasyo-2.jpg
百合にはさまる男は死ねばいい!? (1),蓬餅,2023-05-24,幻冬舎,バンブー,,1,,http://yurinavi.com/2023/04/21/yurihasa-1/,http://yurinavi.com/wp-content/uploads/2023/05/yurihasa-1.jpg
百合にはさまる男は死ねばいい!? (2),蓬餅,2023-05-24,幻冬舎,バンブー,,2,,http://yurinavi.com/2023/04/21/yurihasa-2/,http://yurinavi.com/wp-content/uploads/2023/05/yurihasa-2.jpg
ジャック・ジャンク・ジャンキー,旭 晨薫,2023-05-24,カドカワ,あすか,,1,ERROR,http://yurinavi.com/2023/05/11/jack-junk-junkie/,http://yurinavi.com/wp-content/uploads/2023/05/jack-junk-junkie.jpg
リコリス・リコイル 公式コミックアンソロジー リロード (2),アンソロジー,2023-05-26,カドカワ,電撃,,2,,http://yurinavi.com/2023/03/22/lycoris-recoil-anssoro-reload-2/,http://yurinavi.com/wp-content/uploads/2023/03/lycoris-recoil-anssoro-reload-2.jpg
シンデレラコスプレイション (1),ななつ 藤,2023-05-26,カドカワ,電撃,,1,,http://yurinavi.com/2023/04/15/cinderella-1/,http://yurinavi.com/wp-content/uploads/2023/04/cinderella-1.jpg
ワールドダイスター アンコール！(1),ななふじ / Sirius,2023-05-26,カドカワ,,,1,,http://yurinavi.com/2023/04/20/world-dai-star-comic-1/,http://yurinavi.com/wp-content/uploads/2023/04/world-dai-star-comic-1.jpg
ゆらめきラグーン (2),花宮みぃ,2023-05-26,芳文社,きらら,,2,,http://yurinavi.com/2023/04/06/yurameki-2/,http://yurinavi.com/wp-content/uploads/2023/04/yurameki-2.jpg
ハコイリクリエイト (1),行町咄,2023-05-26,芳文社,きらら,,1,,http://yurinavi.com/2023/04/07/hakoiri-create-1/,http://yurinavi.com/wp-content/uploads/2023/04/hakoiri-create-1.jpg
転生大聖女の異世界のんびり紀行 (5),キダニエル / 四葉夕ト,2023-05-30,講談社,シリウス,,5,,http://yurinavi.com/2023/03/23/tenseidaiseijyo-comic-5/,http://yurinavi.com/wp-content/uploads/2023/03/tenseidaiseijyo-comic-5.jpg
リライアンス (1),水谷 フーカ,2023-05-31,白泉社,楽園,,1,,http://yurinavi.com/2023/04/07/reliance-1/,http://yurinavi.com/wp-content/uploads/2023/04/reliance-1.jpg
あんじゅう (2),幾花 にいろ,2023-05-31,白泉社,楽園,,2,,http://yurinavi.com/2023/04/16/anjyu-2/,http://yurinavi.com/wp-content/uploads/2023/04/anjyuu-2.jpg
終わるセカイの修学旅行 (2),studio HEADLINE,2023-05-31,光文社,熱帯,,2,,http://yurinavi.com/2023/04/25/owarusekaino-2/,http://yurinavi.com/wp-content/uploads/2023/04/owarusekaino-2.jpg
きららファンタジア (5),鴻巣覚,2023-04-01,芳文社,FUZ,,5,,http://yurinavi.com/2023/03/07/kirafan-5/,http://yurinavi.com/wp-content/uploads/2023/03/kirara-fan-5.jpg
マギア☆レポート (6),PAPA,2023-04-01,芳文社,FUZ,,6,,http://yurinavi.com/2023/03/07/magirepo-6/,http://yurinavi.com/wp-content/uploads/2023/03/magirepo-6.jpg
私のアリカ (1),藤沢 もやし / 隈屑。,2023-04-06,講談社,ヤンマガ,,1,,http://yurinavi.com/2023/03/23/watashino-arika-1/,http://yurinavi.com/wp-content/uploads/2023/03/watashino-arika-1.jpg
とりま、風呂いかね？(3),イシイ 渡,2023-04-06,講談社,ｱﾌﾀﾇｰﾝ,,3,,http://yurinavi.com/2023/03/22/torima-huro-3/,http://yurinavi.com/wp-content/uploads/2023/03/torima-huro-3.jpg
人妻とJK (3),焼肉定食,2023-04-07,ｷﾙﾀｲﾑ,ｳﾞｧﾙｷﾘｰ,,3,,http://yurinavi.com/2023/03/07/hitodumato-jk-3/,http://yurinavi.com/wp-content/uploads/2023/03/hitodumato-3.jpg
声がだせない少女は「彼女が優しすぎる」と思っている (10),矢村いち,2023-04-07,秋田書店,ﾁｬﾝﾋﾟｵﾝ,,10,,http://yurinavi.com/2023/03/07/koekano-10/,http://yurinavi.com/wp-content/uploads/2023/03/koekano-10.jpg
もういっぽん！(23),村岡ユウ,2023-04-07,秋田書店,ﾁｬﾝﾋﾟｵﾝ,,23,,http://yurinavi.com/2023/03/10/mouippon-23/,http://yurinavi.com/wp-content/uploads/2023/03/mouippon-23.jpg
姉になりたい義姉VS百合になりたい義妹 (1),森,2023-04-10,MG,ブレイド,,1,,http://yurinavi.com/2023/03/10/aneninaritai-1/,http://yurinavi.com/wp-content/uploads/2023/03/aneninaritai-1.jpg
スーパーカブ (8),蟹丹 / トネ・コーケン,2023-04-10,カドカワ,エース,,8,,http://yurinavi.com/2023/03/17/super-cub-comic-8/,http://yurinavi.com/wp-content/uploads/2023/03/super-cub-comic-8.jpg
くちべた食堂 (3),梵辛,2023-04-12,カドカワ,ビーム,,3,,http://yurinavi.com/2023/03/08/kuchibeta-syokudou-3/,http://yurinavi.com/wp-content/uploads/2023/03/kuchibeta-syokudou-3.jpg
球詠 (13),マウンテンプクイチ,2023-04-12,芳文社,きらら,,13,,http://yurinavi.com/2023/03/10/tamayomi-13/,http://yurinavi.com/wp-content/uploads/2023/03/tamayomi-13.jpg
ももいろモンタージュ (2),まめ猫,2023-04-12,芳文社,きらら,,2,,http://yurinavi.com/2023/03/10/momoiro-2/,http://yurinavi.com/wp-content/uploads/2023/03/momoiro-montage-2.jpg
でこぼこ魔女の親子事情 (5),ピロヤ,2023-04-12,ﾌﾚｯｸｽ,メテオ,,5,,http://yurinavi.com/2023/03/20/dekobokomajyo-5/,http://yurinavi.com/wp-content/uploads/2023/03/dekobokomajyo-5.jpg
ヤマノススメ (23),しろ,2023-04-12,ｱｰｽｽﾀｰ,,,23,,http://yurinavi.com/2023/03/30/yamanosusume-23/,http://yurinavi.com/wp-content/uploads/2023/03/yamanosusume-23.jpg
彼女と私の異国ごはん (2),にしむら染,2023-04-14,秋田書店,,,2,,http://yurinavi.com/2023/03/21/kanojo-to-watashi-no-2/,http://yurinavi.com/wp-content/uploads/2023/03/kanojo-to-watashi-no-2.jpg
天使の牧場 match作品集 (2),match,2023-04-14,GOT,MeDu,,2,,http://yurinavi.com/2023/03/23/tenshinobokujyo-2/,http://yurinavi.com/wp-content/uploads/2023/03/tenshinobokujyo-2.jpg
どうしたら幼馴染の彼女になれますか!? (2),矢坂しゅう,2023-04-17,竹書房,バンブー,,2,,http://yurinavi.com/2023/03/17/osakano-2/,http://yurinavi.com/wp-content/uploads/2023/03/osakano-2.jpg
戦姫完食シンフォギア~調めし~ (3),つたの葉,2023-04-17,竹書房,バンブー,,3,,http://yurinavi.com/2023/03/31/senkikansyoku-3/,http://yurinavi.com/wp-content/uploads/2023/03/senkikansyoku-3.jpg
転生したらあかりだけスライムだった件 (2),水鳥なや / なもり,2023-04-18,一迅社,百合姫,,2,,http://yurinavi.com/2023/03/09/akaridake-2/,http://yurinavi.com/wp-content/uploads/2023/03/tenseishitara-akaridake-2.jpg
アンドロイドは経験人数に入りますか?? (3),焼肉定食,2023-04-18,一迅社,百合姫,,3,,http://yurinavi.com/2023/03/09/androidha-3/,http://yurinavi.com/wp-content/uploads/2023/03/andloidha-3.jpg
踊り場にスカートが鳴る (3),うたたね 游,2023-04-18,一迅社,百合姫,,3,,http://yurinavi.com/2023/03/09/odoriba-3/,http://yurinavi.com/wp-content/uploads/2023/03/odoribani-3.jpeg
コミック百合姫2023年6月号,,2023-04-18,一迅社,,,6,,http://yurinavi.com/2023/04/13/yurihime-202306/,http://yurinavi.com/wp-content/uploads/2023/04/yurihime-202306.jpg
魔法を捨てたい女の子 (1),袴田 めら / 新島 あん,2023-04-18,ホーム,,,1,,http://yurinavi.com/2023/03/21/mahouwosutetai-1/,http://yurinavi.com/wp-content/uploads/2023/03/mahouwosutetai-1.jpg
気になってる人が男じゃなかった (1),新井 すみこ,2023-04-19,カドカワ,,,1,,http://yurinavi.com/2023/02/15/kininatteruhitoga-1/,http://yurinavi.com/wp-content/uploads/2023/02/kininatteruhitoga-1-1.jpg
タダでは抱かれません (4),檜原 フキ,2023-04-20,講談社,ヤンマガ,,4,,http://yurinavi.com/2023/03/20/tadadeha-4/,http://yurinavi.com/wp-content/uploads/2023/03/tadadeha-4.jpg
アサルトリリィ League of Gardens -full bloom- (4),月並甲介,2023-04-20,ﾌﾞｼﾛｰﾄﾞ,,,4,,http://yurinavi.com/2023/03/21/assaultlily-league-4/,http://yurinavi.com/wp-content/uploads/2023/03/asaruto-lily-4.jpg
アサルトリリィ League of Gardens -full bloom- (5),月並甲介,2023-04-20,ﾌﾞｼﾛｰﾄﾞ,,,5,,http://yurinavi.com/2023/03/21/assaultlily-league-5/,http://yurinavi.com/wp-content/uploads/2023/03/asaruto-lily-5.jpg
蜘蛛と制服,入江 君人 / 茨乃,2023-04-20,カドカワ,ﾌｧﾝﾀｼﾞｱ,,1,ERROR,http://yurinavi.com/2023/04/25/kumoto-seihuku/,http://yurinavi.com/wp-content/uploads/2023/04/kumoto-seihuku.jpg
台湾漫遊鉄道のふたり,楊 双子,2023-04-20,中央公,論新社,,1,ERROR,http://yurinavi.com/2023/04/25/taiwanmanyuu/,http://yurinavi.com/wp-content/uploads/2023/04/taiwanmanyuu.jpg
高音さんと嵐ちゃん,なうち,2023-04-21,カドカワ,MFC,,1,ERROR,http://yurinavi.com/2023/03/06/takanesan/,http://yurinavi.com/wp-content/uploads/2023/03/takanesan.jpg
最果てのセレナード (1),ひの 宙子,2023-04-21,講談社,ｱﾌﾀﾇｰﾝ,,1,,http://yurinavi.com/2023/03/30/saihateno-1/,http://yurinavi.com/wp-content/uploads/2023/03/saihateno-1.jpg
私の女神が今日も推せる,川内,2023-04-21,東京漫画,GAGA,,1,ERROR,http://yurinavi.com/2023/04/21/watashinomegamiga/,http://yurinavi.com/wp-content/uploads/2023/04/watashinomegamiga-1.jpg
破局百合アンソロジー セツナ,アンソロジー,2023-04-23,自主制作,,,1,ERROR,http://yurinavi.com/2023/04/26/hakyokuyuri-ansoro/,http://yurinavi.com/wp-content/uploads/2023/04/hakyokuyuri.jpg
MURCIÉLAGO -ムルシエラゴ- (23),よしむらかな,2023-04-25,スクエニ,ガンガン,,23,,http://yurinavi.com/2023/03/21/murcielago-23/,http://yurinavi.com/wp-content/uploads/2023/03/murushi-23.jpg
ステラ・ステップ (2),林星悟 / 餡こたく,2023-04-25,カドカワ,MF,,2,,http://yurinavi.com/2023/04/15/sutera-suteppu-2/,http://yurinavi.com/wp-content/uploads/2023/04/sutera-suteppu-2.jpg
IDOL×IDOL STORY！(1),得能正太郎,2023-04-27,芳文社,,,1,,http://yurinavi.com/2023/03/22/idol-idol-story-1/,http://yurinavi.com/wp-content/uploads/2023/03/idol-idol-story-1.jpg
ごきげんよう、一局いかが？(1),卯花つかさ,2023-04-27,芳文社,きらら,,1,,http://yurinavi.com/2023/03/29/ikkyokuikaga-1/,http://yurinavi.com/wp-content/uploads/2023/04/ikkyokuikaga-1.jpg
異世界女子監獄 (3),いづみみなみ,2023-04-27,カドカワ,キューン,,3,,http://yurinavi.com/2023/03/22/isekaijyoshikangoku-3/,http://yurinavi.com/wp-content/uploads/2023/04/isekaijyoshikangoku-3.jpg
ロックは淑女の嗜みでして (1),福田宏,2023-04-28,白泉社,アニマル,,1,,http://yurinavi.com/2023/03/31/rockha-ladyno-1/,http://yurinavi.com/wp-content/uploads/2023/03/rockha-ladyno-1.jpg
放課後 Another Story (2),大島永遠 / 大島智,2023-04-29,ブリック,BLIC-GL,,2,,http://yurinavi.com/2023/04/20/houkago-another-story-2/,http://yurinavi.com/wp-content/uploads/2023/04/houkago-another-story-2.jpg
野球場でいただきます (3),出内 テツオ,2023-03-03,カドカワ,エース,,3,,http://yurinavi.com/2023/02/08/yakyu-jyoude-3/,http://yurinavi.com/wp-content/uploads/2023/02/yakyujo-de-3.jpg
ふたばとゆづる 王子様系女子ともっと友達になった話,寝路,2023-03-03,大洋図書,Lily love,,1,ERROR,http://yurinavi.com/2023/02/21/futabato-yuzuru-2/,http://yurinavi.com/wp-content/uploads/2023/02/hutabatoyuduru-2.jpg
黒百合ミステリー[電子版],阿南 まゆき,2023-03-03,小学館,,,1,ERROR,http://yurinavi.com/2023/02/02/kuroyuri/,http://yurinavi.com/wp-content/uploads/2023/02/kuroyuri-misuteri-.jpg
魔女の旅々 (5),白石定規 / 七緒一綺,2023-03-07,スクエニ,ガンガン,,5,,http://yurinavi.com/2023/02/10/majyono-tabitabi-comic-5/,http://yurinavi.com/wp-content/uploads/2023/02/majyonotabitabi-comic-5.jpg
Do It Yourself!! -どぅー・いっと・ゆあせるふ- (2),こゆびた べる,2023-03-07,スクエニ,ガンガン,,2,,http://yurinavi.com/2023/02/10/do-it-yourself-2/,http://yurinavi.com/wp-content/uploads/2023/02/do-it-yourself-2.jpg
異世界レシピ ニッポンの家庭料理に魔法使いと狂戦士が挑んでみた (2),河田ひより,2023-03-07,竹書房,バンブー,,2,,http://yurinavi.com/2023/02/28/isekaireshipi-2/,http://yurinavi.com/wp-content/uploads/2023/02/isekaireshipi-2.jpg
見えてますよ！愛沢さん (1),棘尾どろしー,2023-03-08,ｷﾙﾀｲﾑ,ｳﾞｧﾙｷﾘｰ,,1,,http://yurinavi.com/2023/02/06/aizawasan-1/,http://yurinavi.com/wp-content/uploads/2023/02/aizawasan-1.jpg
百合ラブスレイブ ふたりだけの放課後 (3),鈴音れな / あらおし悠,2023-03-08,ｷﾙﾀｲﾑ,ｳﾞｧﾙｷﾘｰ,,3,,http://yurinavi.com/2023/02/06/yuri-love-comic-3/,http://yurinavi.com/wp-content/uploads/2023/02/yurilove-comic-3.jpg
殺し屋やめたい！(4),外木 寸,2023-03-08,講談社,ﾓｰﾆﾝｸﾞ,,4,,http://yurinavi.com/2023/02/10/koroshiya-yametai-4/,http://yurinavi.com/wp-content/uploads/2023/02/koroshiyayametai-4.jpg
うちのメイドがウザすぎる！(10),中村カンコ,2023-03-09,双葉社,ｱｸｼｮﾝ,,10,,http://yurinavi.com/2023/02/08/uzamaid-10/,http://yurinavi.com/wp-content/uploads/2023/02/uzameido-10.jpg
ラストサマー・バケーション 上,東洋 トタン,2023-03-09,カドカワ,ブリッジ,,1,ERROR,http://yurinavi.com/2023/02/10/last-summer-1/,http://yurinavi.com/wp-content/uploads/2023/02/last-summer-1.jpg
色んな女の子とキスをしていたら、百合キスに目覚めてしまいました…。(1),betock,2023-03-10,芳文社,きらら,,1,,http://yurinavi.com/2023/02/07/kissyuri-1/,http://yurinavi.com/wp-content/uploads/2023/02/kissyuri-1.jpg
音のレガート (3),すいと,2023-03-10,芳文社,きらら,,3,,http://yurinavi.com/2023/02/07/otono-legato-3/,http://yurinavi.com/wp-content/uploads/2023/02/otonorega-to-3.jpg
マギアレコード 魔法少女まどか☆マギカ外伝 (7),富士フジノ,2023-03-10,芳文社,きらら,,7,,http://yurinavi.com/2023/02/07/magireko-7/,http://yurinavi.com/wp-content/uploads/2023/02/magireko-7.jpg
裏世界ピクニック (10),宮澤伊織 / 水野英多,2023-03-10,スクエニ,ガンガン,,10,,http://yurinavi.com/2023/02/09/urasekai-comic-10/,http://yurinavi.com/wp-content/uploads/2023/02/urasekai-comic-10.jpg
私、能力は平均値でって言ったよね！(3),FUNA / 亜方 逸樹 / iimAn,2023-03-10,スクエニ,ガンガン,,3,,http://yurinavi.com/2023/02/11/heikinchi-comic-3/,http://yurinavi.com/wp-content/uploads/2023/02/heikinchi-comic-3.jpg
はなにあらし (12),古鉢 るか,2023-03-10,小学館,サンデー,,12,,http://yurinavi.com/2023/02/11/hananiawashi-12/,http://yurinavi.com/wp-content/uploads/2023/02/hananiarashi-12.jpg
宙-CHUU- (1),手原 和憲,2023-03-10,小学館,サンデー,,1,,http://yurinavi.com/2023/03/06/chuu-1/,http://yurinavi.com/wp-content/uploads/2023/03/CHUU-1.jpg
あすにひとふで！(1),矢神 うた / 葛原 昏,2023-03-10,カドカワ,エース,,1,,http://yurinavi.com/2023/02/11/asunihitohude-1/,http://yurinavi.com/wp-content/uploads/2023/02/asunihitohude-1.jpg
わたしの百合も、営業だと思った？,アサクラネル / 千種みのり,2023-03-10,カドカワ,電撃,,1,ERROR,http://yurinavi.com/2023/02/11/watashinoyurimo-1/,http://yurinavi.com/wp-content/uploads/2023/02/watashinoyurimo-1.jpg
にゃこと博士,空次郎,2023-03-10,カドカワ,ビーム,,1,ERROR,http://yurinavi.com/2023/03/20/nyako-1/,http://yurinavi.com/wp-content/uploads/2023/03/nyako-1.jpg
スクールゾーン (5),ニンギヤウ,2023-03-10,MG,ブレイド,,5,,http://yurinavi.com/2023/02/28/school-zone-5/,http://yurinavi.com/wp-content/uploads/2023/02/school-zone-5.jpg
口に出しても宜しいですか？(2),松本ナミル,2023-03-10,ﾌﾚｯｸｽ,メテオ,,2,,http://yurinavi.com/2023/03/30/kuchinidashitemo-2/,http://yurinavi.com/wp-content/uploads/2023/03/kuchinidashitemo-2.jpg
マザーグール (9),菅原キク,2023-03-13,徳間書店,リュウ,,9,,http://yurinavi.com/2023/02/12/motherghoul-9/,http://yurinavi.com/wp-content/uploads/2023/02/mother-9.jpg
処刑少女の生きる道 (8),佐藤真登 / ニリツ,2023-03-14,SB,GA,,8,,http://yurinavi.com/2023/02/12/syokeisyoujyo-8/,http://yurinavi.com/wp-content/uploads/2023/02/syokeisyoujyo-8.jpg
魔女の旅々 (20),白石 定規 / あずーる,2023-03-14,SB,GA,,20,,http://yurinavi.com/2023/02/24/majyono-tabitabi-20/,http://yurinavi.com/wp-content/uploads/2023/02/majyonotabitabi-20.jpg
ナナがやらかす五秒前,白石 定規 / 92M,2023-03-14,SB,GA,,1,ERROR,http://yurinavi.com/2023/02/24/nanagayarakasu-1/,http://yurinavi.com/wp-content/uploads/2023/02/nanagayarakasu-1.jpg
キスからはじまる百合リズム[電子版],剛田ナギ,2023-03-14,ｷﾙﾀｲﾑ,ドリーム,,1,ERROR,http://yurinavi.com/2021/09/08/kisskarahajimaru/,http://yurinavi.com/wp-content/uploads/2021/09/kisskarahajimaru.jpg
百合不純交遊[電子版],長代ルージュ,2023-03-14,ｷﾙﾀｲﾑ,ドリーム,,1,ERROR,http://yurinavi.com/2021/08/30/yurihujyun/,http://yurinavi.com/wp-content/uploads/2021/09/yurifujyun.jpg
君と綴るうたかた (5),ゆあま,2023-03-16,一迅社,百合姫,,5,,http://yurinavi.com/2023/02/12/kimitsudu-5/,http://yurinavi.com/wp-content/uploads/2023/02/kimito-tsuduru-5.jpg
彩香ちゃんは弘子先輩に恋してる (3),Sal Jiang,2023-03-16,双葉社,ｱｸｼｮﾝ,,3,,http://yurinavi.com/2023/02/12/ayakachan-3/,http://yurinavi.com/wp-content/uploads/2023/02/ayakachan-3.jpg
魔法少女にあこがれて (9),小野中彰大,2023-03-16,竹書房,バンブー,,9,,http://yurinavi.com/2023/02/14/mahoako-9/,http://yurinavi.com/wp-content/uploads/2023/02/mahoako-9.jpg
ときめけ魔法幼女ココピュア (1),柚木涼太,2023-03-16,竹書房,バンブー,,1,,http://yurinavi.com/2023/02/14/cocopure-1/,http://yurinavi.com/wp-content/uploads/2023/02/cocopure-1.jpg
お姉さんは女子小学生に興味があります。(9),柚木涼太,2023-03-16,竹書房,バンブー,,9,,http://yurinavi.com/2023/02/14/oneesanha-jyoshisyougakuseini-9/,http://yurinavi.com/wp-content/uploads/2023/02/onesyo-9.jpg
らぶ あんど ぴーす (1),原田重光 / 蘇募ロウ,2023-03-16,講談社,マガジン,,1,,http://yurinavi.com/2023/03/16/love-and-1/,http://yurinavi.com/wp-content/uploads/2023/03/love-and-1.jpg
わたしが恋人になれるわけないじゃん、ムリムリ! (※ムリじゃなかった!?) (5),みかみてれん / むっしゅ,2023-03-17,集英社,ジャンプ,,5,,http://yurinavi.com/2023/01/31/watanare-comic-5/,http://yurinavi.com/wp-content/uploads/2023/01/watanare-comic-5.jpg
明日ちゃんのセーラー服 (11),博,2023-03-17,集英社,ジャンプ,,11,,http://yurinavi.com/2023/02/14/akebichan-11/,http://yurinavi.com/wp-content/uploads/2023/02/akebi-chan-11.jpg
コミック百合姫2023年5月号,,2023-03-17,一迅社,,,5,,http://yurinavi.com/2023/03/14/yurihime-202305/,http://yurinavi.com/wp-content/uploads/2023/03/yurihime-202305.jpg
笑顔のたえない職場です。(7),くずしろ,2023-03-20,講談社,KC,,7,,http://yurinavi.com/2023/02/23/egaono-taenai-7/,http://yurinavi.com/wp-content/uploads/2023/02/egaono-taenai-6.jpg
雨夜の月 (4),くずしろ,2023-03-20,講談社,KC,,4,,http://yurinavi.com/2023/02/23/amayono-tsuki-4/,http://yurinavi.com/wp-content/uploads/2023/02/amayonotsuki-4.jpg
リコリス・リコイル リコレクト (1),阿部 かなり,2023-03-23,カドカワ,MFC,,1,,http://yurinavi.com/2023/02/15/lycoris-recoil-recollect-1/,http://yurinavi.com/wp-content/uploads/2023/02/lycoris-recoil-recollect-1.jpg
リコリス・リコイル 公式コミックアンソロジー リピート (2),アンソロジー,2023-03-23,カドカワ,MFC,,2,,http://yurinavi.com/2023/02/15/lycoris-recoil-re-2/,http://yurinavi.com/wp-content/uploads/2023/02/lycoris-recoil-anssoro-re-2.jpg
性別不明な中性僕っ子とお姉さん,つみきつき,2023-03-23,カドカワ,MFC,,1,ERROR,http://yurinavi.com/2023/01/24/seibetsuhumeina/,http://yurinavi.com/wp-content/uploads/2023/01/seibetsuhumeina.jpg
夏・ユートピアノ,ほそやゆきの,2023-03-23,講談社,ヤンマガ,,1,ERROR,http://yurinavi.com/2023/02/28/yu-topiano/,http://yurinavi.com/wp-content/uploads/2023/02/yu-topiano.jpg
姉の親友、私の恋人。(3),藤松 盟,2023-03-25,カドカワ,電撃,,3,,http://yurinavi.com/2023/02/15/anenoshinyu-3/,http://yurinavi.com/wp-content/uploads/2023/02/anenoshinyu-3.jpg
雪解けとアガパンサス (1),なうち,2023-03-25,カドカワ,電撃,,1,,http://yurinavi.com/2023/02/24/yukidoke-1/,http://yurinavi.com/wp-content/uploads/2023/02/yukidoke-t.jpg
HGに恋するふたり (6),工藤 マコト,2023-03-25,カドカワ,エース,,6,,http://yurinavi.com/2023/02/22/hgni-koisuru-6/,http://yurinavi.com/wp-content/uploads/2023/02/hgni-koisuru-futari-6.jpg
処刑少女の生きる道 (5),佐藤真登 / 三ツ谷亮,2023-03-25,スクエニ,ガンガン,,5,,http://yurinavi.com/2023/02/24/syokeisyoujyo-comic-5/,http://yurinavi.com/wp-content/uploads/2023/02/syokeisyoujyo-comic-5.jpg
海鳥東月の『でたらめ』な事情 (4),両生類 かえる / 甘城 なつき,2023-03-25,カドカワ,MF文庫,,4,,http://yurinavi.com/2023/03/16/umidoritougetsu-4/,http://yurinavi.com/wp-content/uploads/2023/03/umidoritougetsu-4.jpg
二次元コミックマガジン 異種姦百合えっち,アンソロジー,2023-03-25,ｷﾙﾀｲﾑ,ドリーム,,1,ERROR,http://yurinavi.com/2022/10/22/isyukanyuriecchi-2/,http://yurinavi.com/wp-content/uploads/2023/03/isyukanyuriecchi-syoseki.jpg
ピエタとトランジ (1),キスガエ / 藤野可織,2023-03-27,カドカワ,ジーン,,1,,http://yurinavi.com/2023/02/06/pieta-1/,http://yurinavi.com/wp-content/uploads/2023/02/pieta-1.jpg
100日後に咲く百合,ムロマキ,2023-03-27,カドカワ,MFC,,0,,http://yurinavi.com/2023/02/08/100nichigoni-sakuyuri/,http://yurinavi.com/wp-content/uploads/2023/02/100nichigonisakuyuri.jpg
転生王女と天才令嬢の魔法革命 (5),南高春告 / 鴉ぴえろ,2023-03-27,カドカワ,電撃,,5,,http://yurinavi.com/2023/02/21/tenten-comic-5/,http://yurinavi.com/wp-content/uploads/2023/02/tenten-comic-5.jpg
私を喰べたい、ひとでなし (6),苗川 采,2023-03-27,カドカワ,電撃,,6,,http://yurinavi.com/2023/02/21/watatabe-6/,http://yurinavi.com/wp-content/uploads/2023/02/watatabe-6.jpg
お菊さんはいちゃ憑きたい (2),結野 ちり,2023-03-27,カドカワ,電撃,,2,,http://yurinavi.com/2023/02/21/okikusan-2/,http://yurinavi.com/wp-content/uploads/2023/02/okikusanha-2.jpg
夢見るメイドのティータイム (1),みやしろ,2023-03-27,カドカワ,キューン,,1,,http://yurinavi.com/2023/02/23/yumemiru-maid-1/,http://yurinavi.com/wp-content/uploads/2023/02/yumemiru-maid-1.jpg
ケイヤクシマイ (2),ヒジキ,2023-03-27,カドカワ,キューン,,2,,http://yurinavi.com/2023/02/23/keiyakushimai-2/,http://yurinavi.com/wp-content/uploads/2023/02/keiyaku-shimai-2.jpg
こみっくがーるず (9),はんざわかおり,2023-03-27,芳文社,きらら,,9,,http://yurinavi.com/2023/02/22/comic-girls-9/,http://yurinavi.com/wp-content/uploads/2023/02/comicgirls-9.jpg
こみっくがーるず画集 ～あばばーさりー！～,はんざわかおり,2023-03-27,芳文社,きらら,,1,ERROR,http://yurinavi.com/2023/03/06/comic-girls-gasyuu/,http://yurinavi.com/wp-content/uploads/2023/03/comicgirls-gasyu.jpg
おねロリキャバクラ (1),春日沙生,2023-03-27,芳文社,きらら,,1,,http://yurinavi.com/2023/02/22/oneloli-cabaclub-1/,http://yurinavi.com/wp-content/uploads/2023/02/oneloli-cabaclub-1.jpg
ゆゆ式 (13),三上小又,2023-03-27,芳文社,きらら,,13,,http://yurinavi.com/2023/02/22/yuyushiki-13/,http://yurinavi.com/wp-content/uploads/2023/02/yuyushiki-13.jpg
ニチアサ以外はやってます！(2),猫にゃん,2023-03-27,芳文社,きらら,,2,,http://yurinavi.com/2023/02/28/nichiasaigai-2/,http://yurinavi.com/wp-content/uploads/2023/02/nichiasa-2.jpg
異世界アイドル、推参です！(1),椎野せら,2023-03-27,芳文社,きらら,,1,,http://yurinavi.com/2023/03/06/isekaiidol-1/,http://yurinavi.com/wp-content/uploads/2023/03/isekaiidol-1.jpg
毎月庭つき大家つき (3),ヨドカワ,2023-03-29,カドカワ,,,3,,http://yurinavi.com/2023/02/09/maitsuki-niwatsuki-3/,http://yurinavi.com/wp-content/uploads/2023/02/maitsukiniwatsuki-3.jpg
海鳥東月の『でたらめ』な事情 (1),飴色 みそ / 両生類 かえる,2023-03-29,カドカワ,アライブ,,1,,http://yurinavi.com/2023/03/16/umidoritougetsu-comic-1/,http://yurinavi.com/wp-content/uploads/2023/03/umidoritougetsu-comic-1.jpg
今日から未来 (4),吉富昭仁,2023-03-29,ﾋｰﾛｰｽﾞ,ふらっと,,4,,http://yurinavi.com/2023/03/16/kyoukara-mirai-4/,http://yurinavi.com/wp-content/uploads/2023/03/kyoukara-mirai-4.jpg
少女怪異紀行 (1),牧野 康平 / 枢木 縁,2023-03-30,カドカワ,エース,,1,,http://yurinavi.com/2023/03/20/syoujyo-kaiikikou-1/,http://yurinavi.com/wp-content/uploads/2023/03/syoujyo-kaiikikou-1.jpg
